[
    {
      "id": 5,
      "fotoformal": "http://res.cloudinary.com/dgxbyse13/image/upload/v1723893107/Penugasan/uzqjhhgqzc9lbm7sbckk.jpg",
      "fotoselfie": "http://res.cloudinary.com/dgxbyse13/image/upload/v1723893124/Penugasan/xpiistsmpsj5rwjkqpoo.jpg",
      "nama": "Elsa Maria hutahean",
      "kelompok": 9,
      "nim": "240411100124",
      "alamat": "Jumagunung",
      "no": "082163710307",
      "ttl": "Jumagunung, 01 Desember 2005"
    },
    {
      "id": 6,
      "fotoformal": "http://res.cloudinary.com/dgxbyse13/image/upload/v1723893125/Penugasan/in8dpj63v6rm9sld3ch9.jpg",
      "fotoselfie": "http://res.cloudinary.com/dgxbyse13/image/upload/v1723893184/Penugasan/ymp7bmdm20ubtnujit33.jpg",
      "nama": "Fathul Aziz Saifuddin",
      "kelompok": 4,
      "nim": "240411100141",
      "alamat": "Gresik",
      "no": "085731037913",
      "ttl": "Gresik, 12 Juni 2005"
    },
    {
      "id": 9,
      "fotoformal": "http://res.cloudinary.com/dgxbyse13/image/upload/v1723893147/Penugasan/nh2laubh1u1cdq6hza3l.jpg",
      "fotoselfie": "http://res.cloudinary.com/dgxbyse13/image/upload/v1723893178/Penugasan/vznqtm5ij10fxsldzzmt.jpg",
      "nama": "Ahmad Soleh Majid",
      "kelompok": 1,
      "nim": "240411100076",
      "alamat": "Bangkalan",
      "no": "083123135137",
      "ttl": "Bangkalan, 23 Juni 2006"
    },
    {
      "id": 10,
      "fotoformal": "http://res.cloudinary.com/dgxbyse13/image/upload/v1723893267/Penugasan/eqtioounoib5ulqm3cbt.jpg",
      "fotoselfie": "http://res.cloudinary.com/dgxbyse13/image/upload/v1724034166/Penugasan/ehntq1cvdcmaa6wxkpzs.jpg",
      "nama": "Dhafin rizqika Akhmad",
      "kelompok": 9,
      "nim": "240411100099",
      "alamat": "JL TRUNOJOYO NO 5",
      "no": "088991092268",
      "ttl": "surabaya, 26-03-2006"
    },
    {
      "id": 12,
      "fotoformal": "http://res.cloudinary.com/dgxbyse13/image/upload/v1723893299/Penugasan/a19svy5plwjigkdcwqsi.png",
      "fotoselfie": "http://res.cloudinary.com/dgxbyse13/image/upload/v1723893314/Penugasan/akra9mttypgvreftfdku.jpg",
      "nama": "Iman Wahyudy",
      "kelompok": 9,
      "nim": "240411100070",
      "alamat": "Surabaya, Dinoyo Tenun 109",
      "no": "0856-4505-0937",
      "ttl": "Surabaya, 3 Juli 2005"
    },
    {
      "id": 13,
      "fotoformal": "http://res.cloudinary.com/dgxbyse13/image/upload/v1723893288/Penugasan/qvahxtjjhzmwj0avemz0.jpg",
      "fotoselfie": "http://res.cloudinary.com/dgxbyse13/image/upload/v1723893325/Penugasan/itptoxdgptwcchqr6w8r.jpg",
      "nama": "Ryan hidayat",
      "kelompok": 8,
      "nim": "240411100163",
      "alamat": "Kmp. Masjid cendana, kwanyar, Bangkalan",
      "no": "085815231599",
      "ttl": "Banglalan, 19 Maret 2004"
    },
    {
      "id": 14,
      "fotoformal": "http://res.cloudinary.com/dgxbyse13/image/upload/v1723893375/Penugasan/nerymolqxttjnqb3dlwe.jpg",
      "fotoselfie": "http://res.cloudinary.com/dgxbyse13/image/upload/v1723893391/Penugasan/azkl8qz3lv0feheb4qfd.jpg",
      "nama": "Mohammad Al Farabi Sidqi",
      "kelompok": 1,
      "nim": "240411100046",
      "alamat": "Gresik",
      "no": "0882010103257",
      "ttl": "Gresik, 09 Agustus 2006"
    },
    {
      "id": 16,
      "fotoformal": "http://res.cloudinary.com/dgxbyse13/image/upload/v1723893314/Penugasan/a8nvk590orgzykcamjp8.png",
      "fotoselfie": "http://res.cloudinary.com/dgxbyse13/image/upload/v1723893342/Penugasan/i69jk7azp1fbxxktdx3o.webp",
      "nama": "M. Rizky",
      "kelompok": 3,
      "nim": "240411100189",
      "alamat": "Bangkalan",
      "no": "085736611707",
      "ttl": "Bangkalan, 02 Februari 2005"
    },
    {
      "id": 17,
      "fotoformal": "http://res.cloudinary.com/dgxbyse13/image/upload/v1723893487/Penugasan/nss77vrlypzcft0yra9c.jpg",
      "fotoselfie": "http://res.cloudinary.com/dgxbyse13/image/upload/v1723893505/Penugasan/q6rx97bx3hmd0kdsddip.webp",
      "nama": "Denisa Triana Putri",
      "kelompok": 10,
      "nim": "240411100174",
      "alamat": "Sumenep",
      "no": "087863043712",
      "ttl": "Sumenep, 13 Desember 2005"
    },
    {
      "id": 18,
      "fotoformal": "http://res.cloudinary.com/dgxbyse13/image/upload/v1723893377/Penugasan/xooto4yyxlhidgtbmr2i.jpg",
      "fotoselfie": "http://res.cloudinary.com/dgxbyse13/image/upload/v1723893386/Penugasan/gcf6e2gtyn3ekk9hhuml.webp",
      "nama": "Salwa Sekar Gading",
      "kelompok": 1,
      "nim": "240411100134",
      "alamat": "Ds.Bareng Kec.Sawahan Kab.Nganjuk",
      "no": "082245612723",
      "ttl": "Nganjuk/14 September 2005"
    },
    {
      "id": 19,
      "fotoformal": "http://res.cloudinary.com/dldzwrrkq/image/upload/v1723893500/arb861xed8zgxikeerfj.png",
      "fotoselfie": "http://res.cloudinary.com/dldzwrrkq/image/upload/v1723893528/cyy7pyzlcerf2cp0fhpy.jpg",
      "nama": "Ryan Eka Maulana",
      "kelompok": 10,
      "nim": "240411100030",
      "alamat": "Abdul karim",
      "no": "081336843545",
      "ttl": "Bangkalan 18 januari 2006"
    },
    {
      "id": 20,
      "fotoformal": "http://res.cloudinary.com/dgxbyse13/image/upload/v1723893543/Penugasan/iihu13tfqt8dznjkpk5c.jpg",
      "fotoselfie": "http://res.cloudinary.com/dgxbyse13/image/upload/v1723893553/Penugasan/jazmmbmuipljugo8mqqd.jpg",
      "nama": "Hasbulloh Alif Salsabila",
      "kelompok": 6,
      "nim": "240411100096",
      "alamat": "Perum IMC blok d no.12, Bangkalan",
      "no": "085895888995",
      "ttl": "Sampang, 04 April 2006"
    },
    {
      "id": 21,
      "fotoformal": "http://res.cloudinary.com/dgxbyse13/image/upload/v1723893575/Penugasan/vggn87xuykljttojtmqh.jpg",
      "fotoselfie": "http://res.cloudinary.com/dgxbyse13/image/upload/v1723893583/Penugasan/ji6mwtdsuu1rlpmmfba8.jpg",
      "nama": "MOHAMMAD DANI FERDIANSYAH",
      "kelompok": 12,
      "nim": "240411100035",
      "alamat": "PERUM CITRA NOVA BLOK E NO 9, KARANG PANASAN, BLEGA",
      "no": "081336959988",
      "ttl": "BANGKALAN, 19 MEI 2005"
    },
    {
      "id": 22,
      "fotoformal": "http://res.cloudinary.com/dgxbyse13/image/upload/v1723893612/Penugasan/gcpw8evwpm8hiewpms2u.png",
      "fotoselfie": "http://res.cloudinary.com/dgxbyse13/image/upload/v1723893623/Penugasan/pghnjyrmymhsrx29qjtx.jpg",
      "nama": "LAILA MAGHFIROH",
      "kelompok": 5,
      "nim": "240411100006",
      "alamat": "Wisma Jalagatra, Kamal, Bangkalan",
      "no": "081217226032",
      "ttl": "Bangkalan/26 Agustus 2005"
    },
    {
      "id": 23,
      "fotoformal": "http://res.cloudinary.com/dgxbyse13/image/upload/v1723893620/Penugasan/wuryqnrk180lqzy3up8f.jpg",
      "fotoselfie": "http://res.cloudinary.com/dgxbyse13/image/upload/v1723893670/Penugasan/unmrkpgwdortm2mx64ai.jpg",
      "nama": "Muhammad Ainul Fuady",
      "kelompok": 11,
      "nim": "240411100009",
      "alamat": "Pereng kulon",
      "no": "085808406486",
      "ttl": "Gresik, 18 Mei 2006"
    },
    {
      "id": 24,
      "fotoformal": "http://res.cloudinary.com/dgxbyse13/image/upload/v1723893452/Penugasan/y6qlfmp2ouzfbasn9tnk.jpg",
      "fotoselfie": "http://res.cloudinary.com/dgxbyse13/image/upload/v1723893467/Penugasan/crcldaqonootcvghixve.jpg",
      "nama": "Badruz Zaman Ash Sholih",
      "kelompok": 3,
      "nim": "240411100140",
      "alamat": "Jln. Jiwosuto RT 002 RW 003",
      "no": "0812 1722 7397",
      "ttl": "Gresik, 17 Januari 2006"
    },
    {
      "id": 25,
      "fotoformal": "http://res.cloudinary.com/dgxbyse13/image/upload/v1723893674/Penugasan/mjdg5p1aqy040fywqqzo.jpg",
      "fotoselfie": "http://res.cloudinary.com/dgxbyse13/image/upload/v1723893683/Penugasan/rcsnbbyzdrhlhtpoaz5v.jpg",
      "nama": "ACHMAD JUNAIDI SYAFARUDDIN",
      "kelompok": 10,
      "nim": "240411100117",
      "alamat": "Bangkalan",
      "no": "082337236078",
      "ttl": "Bangkalan, 09 Maret 2006"
    },
    {
      "id": 26,
      "fotoformal": "http://res.cloudinary.com/dgxbyse13/image/upload/v1723893640/Penugasan/d72dggq3gua0miesvibx.png",
      "fotoselfie": "http://res.cloudinary.com/dgxbyse13/image/upload/v1723893665/Penugasan/f7glin4x0csvvjmeodzn.jpg",
      "nama": "Miftahul arifin",
      "kelompok": 4,
      "nim": "240411100044",
      "alamat": "Kost mawar gang vi telang indah kamal",
      "no": "085231084986",
      "ttl": "Sumenep, 04 Mei 2005"
    },
    {
      "id": 27,
      "fotoformal": "http://res.cloudinary.com/dgxbyse13/image/upload/v1723893786/Penugasan/mbu2pcqb65nnignx5ajq.jpg",
      "fotoselfie": "http://res.cloudinary.com/dgxbyse13/image/upload/v1723893858/Penugasan/sbnswatxrkxobmyu9t5k.jpg",
      "nama": "Syahrul RahmanDana",
      "kelompok": 2,
      "nim": "240411100220",
      "alamat": "Kota Sumenep",
      "no": "085707773795",
      "ttl": "Sumenep, 23 Oktiber 2005"
    },
    {
      "id": 28,
      "fotoformal": "http://res.cloudinary.com/dgxbyse13/image/upload/v1723893899/Penugasan/hfdktbnytqd7voopdltf.jpg",
      "fotoselfie": "http://res.cloudinary.com/dgxbyse13/image/upload/v1723893924/Penugasan/nbgkli96ezjpumilhmwt.jpg",
      "nama": "Harana Adiaya Prayojana",
      "kelompok": 8,
      "nim": "240411100002",
      "alamat": "Jl. Bhayangkara Panidi No 2A",
      "no": "081252703259",
      "ttl": "Bangkalan/11 Juni 2005"
    },
    {
      "id": 29,
      "fotoformal": "http://res.cloudinary.com/dgxbyse13/image/upload/v1723894209/Penugasan/fdlmpzcdktgjvaxmufn7.jpg",
      "fotoselfie": "http://res.cloudinary.com/dgxbyse13/image/upload/v1723894231/Penugasan/gn0zecorhhelibfmzckw.jpg",
      "nama": "A. Fikri Mutawakkil",
      "kelompok": 1,
      "nim": "240411100105",
      "alamat": "Pamekasan",
      "no": "087863132745",
      "ttl": "08 Desember 2005"
    },
    {
      "id": 30,
      "fotoformal": "http://res.cloudinary.com/dldzwrrkq/image/upload/v1723894391/kntxmyxrjlaolphglyal.jpg",
      "fotoselfie": "http://res.cloudinary.com/dldzwrrkq/image/upload/v1723894394/kmkehzgp7n40xkrp8ytf.jpg",
      "nama": "Achmad Saiful Fuadi",
      "kelompok": 1,
      "nim": "240411100012",
      "alamat": "Bangkalan, labang desa bunajih",
      "no": "085755654028",
      "ttl": "Bangkalan_24_juni_2006"
    },
    {
      "id": 31,
      "fotoformal": "http://res.cloudinary.com/dgxbyse13/image/upload/v1723894340/Penugasan/azzeu6lrsgtpmnsg6fud.jpg",
      "fotoselfie": "http://res.cloudinary.com/dgxbyse13/image/upload/v1723894392/Penugasan/f7havm6hqiysylisidhn.webp",
      "nama": "Zainur rozikin",
      "kelompok": 1,
      "nim": "240411100120",
      "alamat": "Bojonegoro",
      "no": "081564728048",
      "ttl": "Bojonegoro, 20 Juli 2006"
    },
    {
      "id": 32,
      "fotoformal": "http://res.cloudinary.com/dgxbyse13/image/upload/v1723893583/Penugasan/y00naac1egf0hf4fmpt3.jpg",
      "fotoselfie": "http://res.cloudinary.com/dgxbyse13/image/upload/v1723893578/Penugasan/lre1ac2xgcoyrpd5ugod.jpg",
      "nama": "Rizki Pratama Sunarko",
      "kelompok": 9,
      "nim": "240411100181",
      "alamat": "Nganjuk",
      "no": "085708350575",
      "ttl": "Nganjuk, 10 Januari 2006"
    },
    {
      "id": 33,
      "fotoformal": "http://res.cloudinary.com/dgxbyse13/image/upload/v1723894478/Penugasan/wtqag7rqvmc3mbtbptas.jpg",
      "fotoselfie": "http://res.cloudinary.com/dgxbyse13/image/upload/v1723894487/Penugasan/du1ar6ezi0asogp5msn4.jpg",
      "nama": "Dini Restanti Artamulya",
      "kelompok": 7,
      "nim": "240411100008",
      "alamat": "Jombang",
      "no": "0895376988400",
      "ttl": "Jombang,18 September 2006"
    },
    {
      "id": 35,
      "fotoformal": "http://res.cloudinary.com/dgxbyse13/image/upload/v1723894600/Penugasan/rb3xakqn9ahcxv22xcpz.png",
      "fotoselfie": "http://res.cloudinary.com/dgxbyse13/image/upload/v1723894587/Penugasan/zxwcvw4jsg2btznmmfnn.jpg",
      "nama": "Rahardian Ananta",
      "kelompok": 10,
      "nim": "240411100071",
      "alamat": "Sidoarjo,kec.Jabon",
      "no": "085816176312",
      "ttl": "Sidoarjo/10 September 2006"
    },
    {
      "id": 36,
      "fotoformal": "http://res.cloudinary.com/dgxbyse13/image/upload/v1723894479/Penugasan/hlstsukzlfv90rhiqszk.jpg",
      "fotoselfie": "http://res.cloudinary.com/dgxbyse13/image/upload/v1723894588/Penugasan/pve2ax2uwiwhsdlaars3.jpg",
      "nama": "Dewi Hajar Sintiasari",
      "kelompok": 5,
      "nim": "240411100041",
      "alamat": "Gresik",
      "no": "082245299162",
      "ttl": "Gresik, 5 Januari 2006"
    },
    {
      "id": 37,
      "fotoformal": "http://res.cloudinary.com/dgxbyse13/image/upload/v1723893673/Penugasan/w85kp5f9sqijhagypl7t.png",
      "fotoselfie": "http://res.cloudinary.com/dgxbyse13/image/upload/v1723893685/Penugasan/nzl1xaeswwmy31rozp6m.jpg",
      "nama": "Moh Rafie Nazar J",
      "kelompok": 9,
      "nim": "240411100003",
      "alamat": "jln.kenari blom db no 12",
      "no": "085707095233",
      "ttl": "Bangkalan, 11 September 2005"
    },
    {
      "id": 38,
      "fotoformal": "http://res.cloudinary.com/dgxbyse13/image/upload/v1723895032/Penugasan/bvg5x2rv0nymagzzspn3.png",
      "fotoselfie": "http://res.cloudinary.com/dgxbyse13/image/upload/v1723895038/Penugasan/ghzdfr5dhxjirwlsomu2.jpg",
      "nama": "Reno Syaelendra",
      "kelompok": 4,
      "nim": "240411100020",
      "alamat": "Jl. Oasis sememi utara 2/6",
      "no": "085156064912",
      "ttl": "Surabaya, 27 Januari 2006"
    },
    {
      "id": 39,
      "fotoformal": "http://res.cloudinary.com/dgxbyse13/image/upload/v1723895619/Penugasan/i1apf6q4lhfbf2az9ylx.jpg",
      "fotoselfie": "http://res.cloudinary.com/dgxbyse13/image/upload/v1723895635/Penugasan/qpezfbgngp32oki5ux0r.jpg",
      "nama": "Kasyfu Rafi Susanto",
      "kelompok": 2,
      "nim": "240411100207",
      "alamat": "Larangan, Pamekasan, Madura",
      "no": "081232863468",
      "ttl": "Pamekasan, 22 juni 2006"
    },
    {
      "id": 40,
      "fotoformal": "http://res.cloudinary.com/dgxbyse13/image/upload/v1723897063/Penugasan/npcauv61hh44mv0gnthu.png",
      "fotoselfie": "http://res.cloudinary.com/dgxbyse13/image/upload/v1723897143/Penugasan/pckfzkyjmwjj1rfkrbhm.jpg",
      "nama": "Muhammad Habib Muariffullah",
      "kelompok": 5,
      "nim": "240411100045",
      "alamat": "Ds.bumiayu luboyo, rt/rt 02/04, kec.wedarijaksa, kab.pati",
      "no": "089530960282",
      "ttl": "Pati, 01 September 2005"
    },
    {
      "id": 41,
      "fotoformal": "http://res.cloudinary.com/dldzwrrkq/image/upload/v1723897514/n4vevdzqxmrgvlcnbpnu.jpg",
      "fotoselfie": "http://res.cloudinary.com/dldzwrrkq/image/upload/v1723897530/lxkeh7a708x9wmoxodus.jpg",
      "nama": "Aden Muliana Azis",
      "kelompok": 1,
      "nim": "240411100219",
      "alamat": "Desa Buddih Pademawu Pamekasan",
      "no": "0895709450208",
      "ttl": "Pamekasan 27 September 2005"
    },
    {
      "id": 42,
      "fotoformal": "http://res.cloudinary.com/dgxbyse13/image/upload/v1723897921/Penugasan/k6eta6bdzcz02z6aintt.jpg",
      "fotoselfie": "http://res.cloudinary.com/dgxbyse13/image/upload/v1723897930/Penugasan/xuabmxaivpbwjysd4moz.jpg",
      "nama": "Bunga Adenis Dea Fanny",
      "kelompok": 5,
      "nim": "240411100150",
      "alamat": "Surabaya",
      "no": "085854313081",
      "ttl": "Gunung Kidul, 11 Maret 2006"
    },
    {
      "id": 43,
      "fotoformal": "http://res.cloudinary.com/dgxbyse13/image/upload/v1723898150/Penugasan/kb2nc8jswvleumswcwha.png",
      "fotoselfie": "http://res.cloudinary.com/dgxbyse13/image/upload/v1723898237/Penugasan/bbmlztujjhmr2snapxly.jpg",
      "nama": "DHIYAUL HAQ",
      "kelompok": 9,
      "nim": "240411100198",
      "alamat": "Desa Sumengko",
      "no": "087881535870",
      "ttl": "Gresik / 1 Desember2005"
    },
    {
      "id": 44,
      "fotoformal": "http://res.cloudinary.com/dgxbyse13/image/upload/v1723898259/Penugasan/sjkdyfalhapkvqzmur4n.png",
      "fotoselfie": "http://res.cloudinary.com/dgxbyse13/image/upload/v1723898275/Penugasan/vki6yo7qgh8qurkil968.jpg",
      "nama": "ABDULLAH NURIZQI A.M",
      "kelompok": 5,
      "nim": "240411100158",
      "alamat": "burneh, bangkalan",
      "no": "082331677949",
      "ttl": "bangkalan, 8 mei 2006"
    },
    {
      "id": 45,
      "fotoformal": "http://res.cloudinary.com/dgxbyse13/image/upload/v1723898478/Penugasan/urgct6aoxrfpyzfa42zc.png",
      "fotoselfie": "http://res.cloudinary.com/dgxbyse13/image/upload/v1723898510/Penugasan/hrw6dsijms107t8pdxvs.jpg",
      "nama": "Muhammad farrel fastha",
      "kelompok": 8,
      "nim": "240411100114",
      "alamat": "Mojokerto",
      "no": "085710885120",
      "ttl": "Mojokerto/11 juli 2006"
    },
    {
      "id": 46,
      "fotoformal": "http://res.cloudinary.com/dgxbyse13/image/upload/v1723898483/Penugasan/hzd0fccsiabortsshl7c.jpg",
      "fotoselfie": "http://res.cloudinary.com/dgxbyse13/image/upload/v1723898508/Penugasan/ipctvzd4jbmybzo9z1jl.jpg",
      "nama": "Rifqi Fairurrafi",
      "kelompok": 12,
      "nim": "240411100201",
      "alamat": "Bangkalan",
      "no": "082139360843",
      "ttl": "Probolinggo, 28 Mei 2006"
    },
    {
      "id": 47,
      "fotoformal": "http://res.cloudinary.com/dgxbyse13/image/upload/v1723898530/Penugasan/mmdzsk93pqfypxdo7wi1.png",
      "fotoselfie": "http://res.cloudinary.com/dgxbyse13/image/upload/v1723898583/Penugasan/ajjsbo7emwh4n5camsme.webp",
      "nama": "Riska Nana Nuril Fadilah",
      "kelompok": 3,
      "nim": "240411100081",
      "alamat": "Jl.tambak Pring barat 1/27",
      "no": "081224247092",
      "ttl": "Surabaya/ 26 Maret 2006"
    },
    {
      "id": 50,
      "fotoformal": "http://res.cloudinary.com/dldzwrrkq/image/upload/v1723899832/whjpm6dafnmsbjvv6fyo.jpg",
      "fotoselfie": "http://res.cloudinary.com/dldzwrrkq/image/upload/v1723899850/h1hbgz8mf7shthbvnw6l.jpg",
      "nama": "Kamaliyyatul Bararah",
      "kelompok": 5,
      "nim": "240411100211",
      "alamat": "Sumenep",
      "no": "087757441220",
      "ttl": "Sumenep, 05 Februari 2005"
    },
    {
      "id": 52,
      "fotoformal": "http://res.cloudinary.com/dgxbyse13/image/upload/v1723900104/Penugasan/em0xiflpofp5jb3mkvvi.jpg",
      "fotoselfie": "http://res.cloudinary.com/dgxbyse13/image/upload/v1723899983/Penugasan/gjsb8f4scidemgxoigfv.jpg",
      "nama": "MUHAMAD JAYRO FADIL MUKOLIP",
      "kelompok": 5,
      "nim": "240411100175",
      "alamat": "Ds. Junjung, Kec. Sumbergempol, Kabupaten Tulungagung, Jawa Timur",
      "no": "081259061237",
      "ttl": "Tulungagung, 19 Desember 2005"
    },
    {
      "id": 53,
      "fotoformal": "http://res.cloudinary.com/dgxbyse13/image/upload/v1723900553/Penugasan/cax1ce9m3eitreb0efrx.png",
      "fotoselfie": "http://res.cloudinary.com/dgxbyse13/image/upload/v1723900579/Penugasan/fslg87fwowtrwz6rcksk.jpg",
      "nama": "Ahmad Syahrul Farihin",
      "kelompok": 5,
      "nim": "240411100031",
      "alamat": "Jl. Raya No.85 RT01 RW02, Desa Manyarejo, Kec. Manyar, Kab. Gresik",
      "no": "088226180238",
      "ttl": "Gresik/6 Februari 2006"
    },
    {
      "id": 54,
      "fotoformal": "http://res.cloudinary.com/dgxbyse13/image/upload/v1723901323/Penugasan/iqorm7ym0bb1spfmoipj.png",
      "fotoselfie": "http://res.cloudinary.com/dgxbyse13/image/upload/v1723901403/Penugasan/i9typfx6di73dno7jahc.png",
      "nama": "ANINDYA RIZKY RAHMAYUNITA",
      "kelompok": 2,
      "nim": "240411100032",
      "alamat": "Ds. Semambung RT 03 RW 02 Wonoayu Sidoarjo Jawa Timur",
      "no": "085648451040",
      "ttl": "Sidoarjo, 2 Agustus 2005"
    },
    {
      "id": 55,
      "fotoformal": "http://res.cloudinary.com/dgxbyse13/image/upload/v1723903773/Penugasan/tvext1ulyjcs6fuchssp.jpg",
      "fotoselfie": "http://res.cloudinary.com/dgxbyse13/image/upload/v1723903786/Penugasan/dfcvewxdkzqdmvgpcxx0.jpg",
      "nama": "Ailsa Ratimaya Anindya",
      "kelompok": 12,
      "nim": "240411100069",
      "alamat": "Kamal-MADURA",
      "no": "085231080920",
      "ttl": "Bangkalan/ 3 Juli 2006"
    },
    {
      "id": 56,
      "fotoformal": "http://res.cloudinary.com/dgxbyse13/image/upload/v1723906783/Penugasan/hpqstfdc81sortho1ikj.jpg",
      "fotoselfie": "http://res.cloudinary.com/dgxbyse13/image/upload/v1723906798/Penugasan/n2clx1v8bwvchccrvmka.jpg",
      "nama": "IRWAN DWI MUKHLISIN",
      "kelompok": 12,
      "nim": "240411100010",
      "alamat": "Jejel Ds.Plabuhanrejo-Mantup-Lamongan",
      "no": "083834402914",
      "ttl": "Lamongan, 25 Desember 2005"
    },
    {
      "id": 57,
      "fotoformal": "http://res.cloudinary.com/dgxbyse13/image/upload/v1723906910/Penugasan/atysvvmyijw6xdxzf8x5.png",
      "fotoselfie": "http://res.cloudinary.com/dgxbyse13/image/upload/v1723906986/Penugasan/iul3m4xrsopr6mkcj2iy.webp",
      "nama": "Yulia Oktafia Safitri",
      "kelompok": 1,
      "nim": "240411100037",
      "alamat": "Jember",
      "no": "085746710843",
      "ttl": "Jember/24 Oktober 2005"
    },
    {
      "id": 58,
      "fotoformal": "http://res.cloudinary.com/dgxbyse13/image/upload/v1723909398/Penugasan/seloyjwcxxx4pjbliq06.jpg",
      "fotoselfie": "http://res.cloudinary.com/dgxbyse13/image/upload/v1723909392/Penugasan/bw9g85tzb2djzyumbwxp.jpg",
      "nama": "Javier Saviola Asfarez Ananta",
      "kelompok": 12,
      "nim": "240411100075",
      "alamat": "Jl. Ploso 6 No 19 Surabaya",
      "no": "085608397451",
      "ttl": "Sidoarjo, 14 Juni 2006"
    },
    {
      "id": 59,
      "fotoformal": "http://res.cloudinary.com/dgxbyse13/image/upload/v1723929279/Penugasan/uuivh2oeyywivoad2pex.png",
      "fotoselfie": "http://res.cloudinary.com/dgxbyse13/image/upload/v1723929290/Penugasan/bvymsqpj7r5efxdkjheu.png",
      "nama": "Kurnia Maulinda Sari",
      "kelompok": 2,
      "nim": "240411100026",
      "alamat": "Sukolilo Barat, Kec. Labang, Kab. Bangkalan",
      "no": "085648481839",
      "ttl": "Bangkalan/ 28 April 2006"
    },
    {
      "id": 61,
      "fotoformal": "http://res.cloudinary.com/dgxbyse13/image/upload/v1723929411/Penugasan/rne2lxnrj7wqxzqswhsh.jpg",
      "fotoselfie": "http://res.cloudinary.com/dgxbyse13/image/upload/v1723929423/Penugasan/jtomztdhpmsxunwonhbx.jpg",
      "nama": "Karomatul Jamilia",
      "kelompok": 8,
      "nim": "240411100116",
      "alamat": "Sumenep",
      "no": "082335896193",
      "ttl": "Sumenep, 02Februari 2005"
    },
    {
      "id": 62,
      "fotoformal": "http://res.cloudinary.com/dgxbyse13/image/upload/v1723931538/Penugasan/ux7aqydtlyqh18vrtxmo.jpg",
      "fotoselfie": "http://res.cloudinary.com/dgxbyse13/image/upload/v1723931552/Penugasan/qftqeca5zlorvtgvsnq2.jpg",
      "nama": "Yoga Andrian Febriyanto",
      "kelompok": 12,
      "nim": "240411100167",
      "alamat": "Pamekasan",
      "no": "082334406740",
      "ttl": "Pamekasan, 02 Maret 2005"
    },
    {
      "id": 63,
      "fotoformal": "http://res.cloudinary.com/dgxbyse13/image/upload/v1723931999/Penugasan/ex7h7kbo2knfhipzkgio.jpg",
      "fotoselfie": "http://res.cloudinary.com/dgxbyse13/image/upload/v1723932010/Penugasan/n0kqh1e2zqetsoixfyyw.webp",
      "nama": "Hazby Jefry Aji",
      "kelompok": 3,
      "nim": "240411100060",
      "alamat": "Jalan Sidingkap",
      "no": "085713206658",
      "ttl": "Bangkalan 24 Agustus 2005"
    },
    {
      "id": 64,
      "fotoformal": "http://res.cloudinary.com/dgxbyse13/image/upload/v1723933059/Penugasan/j8zzbgip54hvxbusg1bs.png",
      "fotoselfie": "http://res.cloudinary.com/dgxbyse13/image/upload/v1723933083/Penugasan/rzwkrhdwsa3jquvxkzmh.jpg",
      "nama": "Nabila Hanif Febriyanti",
      "kelompok": 6,
      "nim": "240411100042",
      "alamat": "Sambogunung Dukun Gresik",
      "no": "085806708574",
      "ttl": "Gresik, 04 Februari 2006"
    },
    {
      "id": 65,
      "fotoformal": "http://res.cloudinary.com/dgxbyse13/image/upload/v1723933401/Penugasan/y1irdcuxdxpyxusowa2b.jpg",
      "fotoselfie": "http://res.cloudinary.com/dgxbyse13/image/upload/v1723933441/Penugasan/icpl4fnsrsb5kg587f0m.jpg",
      "nama": "Dedy Nurohim",
      "kelompok": 9,
      "nim": "240411100115",
      "alamat": "Lamongan",
      "no": "085730190883",
      "ttl": "Lamongan, 15 Desember 2004"
    },
    {
      "id": 66,
      "fotoformal": "http://res.cloudinary.com/dgxbyse13/image/upload/v1723958590/Penugasan/rix9vauydbzihje16fm2.png",
      "fotoselfie": "http://res.cloudinary.com/dgxbyse13/image/upload/v1723958641/Penugasan/ihdjvnfyp1dozstcaztv.jpg",
      "nama": "Moh Rizqon Akbar",
      "kelompok": 9,
      "nim": "240411100225",
      "alamat": "Jl.Pahlawan",
      "no": "089509480513",
      "ttl": "Sampang 17-02-2005"
    },
    {
      "id": 67,
      "fotoformal": "http://res.cloudinary.com/dgxbyse13/image/upload/v1723960399/Penugasan/a15nxgyz4kxyvgeo1juy.jpg",
      "fotoselfie": "http://res.cloudinary.com/dgxbyse13/image/upload/v1723960433/Penugasan/bnkhygwahqn3fajdmtgf.jpg",
      "nama": "Sulhan Humaidi",
      "kelompok": 10,
      "nim": "240411100058",
      "alamat": "Candi selatan, kec Galis Pamekasan",
      "no": "082335650234",
      "ttl": "Pamekasan, 29 Agustus 2005"
    },
    {
      "id": 68,
      "fotoformal": "http://res.cloudinary.com/dgxbyse13/image/upload/v1723961420/Penugasan/e9osk9tejujd5ostyygb.jpg",
      "fotoselfie": "http://res.cloudinary.com/dgxbyse13/image/upload/v1723961426/Penugasan/inj6mp9kvgdszsqa48ic.jpg",
      "nama": "Moh. Yusuf Ardiansyah",
      "kelompok": 11,
      "nim": "240411100050",
      "alamat": "Dsn. Cangkreng, Ds. Konang, Kec. Galis, Kab. Pamekasan",
      "no": "085934488575",
      "ttl": "Pamekasan, 09 Agustus 2005"
    },
    {
      "id": 69,
      "fotoformal": "http://res.cloudinary.com/dgxbyse13/image/upload/v1723961781/Penugasan/oc41yialxgt67mkv0eec.jpg",
      "fotoselfie": "http://res.cloudinary.com/dgxbyse13/image/upload/v1723961878/Penugasan/oy3e7oe6d5bvr7xekodg.jpg",
      "nama": "MOCHAMMAD ZAENAL ABIDIN",
      "kelompok": 8,
      "nim": "240411100131",
      "alamat": "Tuban Jawa Timur",
      "no": "0895366922361",
      "ttl": "Tuban, 13 September 2005"
    },
    {
      "id": 70,
      "fotoformal": "http://res.cloudinary.com/dgxbyse13/image/upload/v1723967927/Penugasan/eqektsloqgvpisdnpk0u.jpg",
      "fotoselfie": "http://res.cloudinary.com/dgxbyse13/image/upload/v1723967957/Penugasan/fm1xle6sgnwik4dvlnje.jpg",
      "nama": "Farhan Alfian Anshori",
      "kelompok": 11,
      "nim": "240411100088",
      "alamat": "Jl. Flamboyan No. 18 Perumda Bangkalan",
      "no": "082333322304",
      "ttl": "Bangkalan, 27 Juni 2005"
    },
    {
      "id": 71,
      "fotoformal": "http://res.cloudinary.com/dgxbyse13/image/upload/v1723970589/Penugasan/f9qyh5bfb8tqbdevlktw.jpg",
      "fotoselfie": "http://res.cloudinary.com/dgxbyse13/image/upload/v1723970602/Penugasan/oklfmdvlkur1fmsyddrd.jpg",
      "nama": "Alfaita Lauva Cholida",
      "kelompok": 6,
      "nim": "240411100155",
      "alamat": "Lamongan",
      "no": "085731931933",
      "ttl": "Lamongan, 11 Juni 2006"
    },
    {
      "id": 72,
      "fotoformal": "http://res.cloudinary.com/dgxbyse13/image/upload/v1723979157/Penugasan/yefgt5q5j5drdqdnvsn6.jpg",
      "fotoselfie": "http://res.cloudinary.com/dgxbyse13/image/upload/v1723979163/Penugasan/yzu7l24jse9educbd9wb.jpg",
      "nama": "Aslih Maulana Syadat",
      "kelompok": 11,
      "nim": "240411100166",
      "alamat": "Lamongan",
      "no": "081226802213",
      "ttl": "Lamongan, 18 Agustus 2005"
    },
    {
      "id": 73,
      "fotoformal": "http://res.cloudinary.com/dgxbyse13/image/upload/v1723980040/Penugasan/i2jfataq71mlvclpc010.jpg",
      "fotoselfie": "http://res.cloudinary.com/dgxbyse13/image/upload/v1723980053/Penugasan/hxjc4oe8etfaun2qvywe.jpg",
      "nama": "Mutiatulloh",
      "kelompok": 9,
      "nim": "240411100017",
      "alamat": "Sampang",
      "no": "083132000354",
      "ttl": "29 November 2006"
    },
    {
      "id": 74,
      "fotoformal": "http://res.cloudinary.com/dgxbyse13/image/upload/v1723980358/Penugasan/htmg1wy2tzvsms3bgi0s.png",
      "fotoselfie": "http://res.cloudinary.com/dgxbyse13/image/upload/v1723980364/Penugasan/ctybm8fghqxjjxcansoh.jpg",
      "nama": "Mely susantika dewi",
      "kelompok": 11,
      "nim": "240411100227",
      "alamat": "PAMEKASAN MADURA",
      "no": "081944995904",
      "ttl": "Pamekasan, 08 agustus 2005"
    },
    {
      "id": 75,
      "fotoformal": "http://res.cloudinary.com/dgxbyse13/image/upload/v1723982353/Penugasan/q3iss6pgbhiqqatr6sv2.png",
      "fotoselfie": "http://res.cloudinary.com/dgxbyse13/image/upload/v1723982369/Penugasan/rzhtjwgt3sedeof6yt8q.jpg",
      "nama": "Muhammad izzul Millah Aqil",
      "kelompok": 10,
      "nim": "240411100087",
      "alamat": "Jalan Ngagel Dadi 1-F/14",
      "no": "083141342087",
      "ttl": "Surabaya/30 Mei 2005"
    },
    {
      "id": 76,
      "fotoformal": "http://res.cloudinary.com/dgxbyse13/image/upload/v1723982341/Penugasan/hcppegvbjj2u8kz6saex.jpg",
      "fotoselfie": "http://res.cloudinary.com/dgxbyse13/image/upload/v1723982376/Penugasan/z0k9cfwcsadj81pszz5p.jpg",
      "nama": "Rachelia Andini Tendean",
      "kelompok": 6,
      "nim": "240411100007",
      "alamat": "KMP. Laok betes RT/RW 003/003, Kec. Kamal, Kab. Bangkalan, Jawa Timur",
      "no": "081235819975",
      "ttl": "Bangkalan, 17 Mei 2007"
    },
    {
      "id": 77,
      "fotoformal": "http://res.cloudinary.com/dldzwrrkq/image/upload/v1723982408/tbsop4kjow8a0ohrx1tw.jpg",
      "fotoselfie": "http://res.cloudinary.com/dldzwrrkq/image/upload/v1723982457/dyjwvr9ysi3wqd9qrhnz.jpg",
      "nama": "Muhammad sirul amin",
      "kelompok": 10,
      "nim": "240411100223",
      "alamat": "Bangkalan",
      "no": "087866988391",
      "ttl": "Malaysia,10 2006"
    },
    {
      "id": 78,
      "fotoformal": "http://res.cloudinary.com/dgxbyse13/image/upload/v1723982366/Penugasan/t0fatnjkq9edi7gfijaf.jpg",
      "fotoselfie": "http://res.cloudinary.com/dgxbyse13/image/upload/v1723982395/Penugasan/d76lex3owkgcbktc2sxz.jpg",
      "nama": "Verdi Setyawan Ardiansyah Putra",
      "kelompok": 10,
      "nim": "240411100100",
      "alamat": "Gresik",
      "no": "085290448066",
      "ttl": "Gresik/03 juli 2005"
    },
    {
      "id": 79,
      "fotoformal": "http://res.cloudinary.com/dgxbyse13/image/upload/v1723982390/Penugasan/pa8uzumc01u2afzghupg.png",
      "fotoselfie": "http://res.cloudinary.com/dgxbyse13/image/upload/v1723982426/Penugasan/dhjxfovg5n7ysbuzlg7n.jpg",
      "nama": "Agus salim",
      "kelompok": 7,
      "nim": "240411100066",
      "alamat": "Tanah Merah bangkalan",
      "no": "081333424990",
      "ttl": "Bangkalan, 14 Agustus 2005"
    },
    {
      "id": 80,
      "fotoformal": "http://res.cloudinary.com/dgxbyse13/image/upload/v1723982371/Penugasan/bz12qqwldhcvgcmkdg24.jpg",
      "fotoselfie": "http://res.cloudinary.com/dgxbyse13/image/upload/v1723982428/Penugasan/ynigxelwlggkp8pnjfbx.jpg",
      "nama": "Ainur Suharyanto",
      "kelompok": 2,
      "nim": "240411100154",
      "alamat": "Arosbaya",
      "no": "083852836457",
      "ttl": "Bangkalan/ 08 07 2005"
    },
    {
      "id": 82,
      "fotoformal": "http://res.cloudinary.com/dgxbyse13/image/upload/v1723982544/Penugasan/aieegfdtvkxuk1zwwawp.png",
      "fotoselfie": "http://res.cloudinary.com/dgxbyse13/image/upload/v1723982574/Penugasan/w0pfwwnaqhsxcieqx4ur.jpg",
      "nama": "Uwes Alqorni",
      "kelompok": 6,
      "nim": "240411100047",
      "alamat": "P.Mandangin,Kab.Sampang",
      "no": "082143123865",
      "ttl": "Sampang,22-10-2006"
    },
    {
      "id": 83,
      "fotoformal": "http://res.cloudinary.com/dgxbyse13/image/upload/v1723982531/Penugasan/lg4qf8gwnubm0yxardwt.jpg",
      "fotoselfie": "http://res.cloudinary.com/dgxbyse13/image/upload/v1723982553/Penugasan/uecmhriijyj9jst6zfzh.jpg",
      "nama": "Ahmad Wildan Jaysyurrahman",
      "kelompok": 5,
      "nim": "240411100110",
      "alamat": "Jl. HosCokroaminoto",
      "no": "085236260335",
      "ttl": "Bangkalan, 22-07-2005"
    },
    {
      "id": 84,
      "fotoformal": "http://res.cloudinary.com/dldzwrrkq/image/upload/v1723982580/zsn37cjm4odgevndtero.jpg",
      "fotoselfie": "http://res.cloudinary.com/dldzwrrkq/image/upload/v1723982586/sgv9w31fc1aqxegwqtgh.jpg",
      "nama": "Riko Tampati",
      "kelompok": 12,
      "nim": "240411100136",
      "alamat": "Sumenep",
      "no": "082338985150",
      "ttl": "Sumenep 04,November 2005"
    },
    {
      "id": 85,
      "fotoformal": "http://res.cloudinary.com/dgxbyse13/image/upload/v1723982565/Penugasan/nlrn4qpbaspckvjglq1a.jpg",
      "fotoselfie": "http://res.cloudinary.com/dgxbyse13/image/upload/v1723982573/Penugasan/r7y8g2srbfwrkac6obpz.jpg",
      "nama": "Adibil Azwar",
      "kelompok": 6,
      "nim": "240411100022",
      "alamat": "Bangkalan",
      "no": "085231206565",
      "ttl": "Bangkalan, 02 November 2005"
    },
    {
      "id": 86,
      "fotoformal": "http://res.cloudinary.com/dgxbyse13/image/upload/v1723982616/Penugasan/penbbiib58nrl5jqg0on.png",
      "fotoselfie": "http://res.cloudinary.com/dgxbyse13/image/upload/v1723982626/Penugasan/z7xtf28pqbsxvby8dxpj.jpg",
      "nama": "A.Choiril Anwar EL-Asfihani Risydan",
      "kelompok": 8,
      "nim": "240411100098",
      "alamat": "Jl. Jambu Raya No 62",
      "no": "081999876696",
      "ttl": "bangkalan 23/11/05"
    },
    {
      "id": 89,
      "fotoformal": "http://res.cloudinary.com/dldzwrrkq/image/upload/v1723982661/iete57zluluwvibbwdmb.png",
      "fotoselfie": "http://res.cloudinary.com/dldzwrrkq/image/upload/v1723982681/fg6iqwytnb2qngrltpbh.jpg",
      "nama": "Uwes Alqorni",
      "kelompok": 6,
      "nim": "240411100047",
      "alamat": "P.Mandangin,Kab.Sampang,Kec.Sampang",
      "no": "082143123865",
      "ttl": "Sampang,22-10-2006"
    },
    {
      "id": 90,
      "fotoformal": "http://res.cloudinary.com/dgxbyse13/image/upload/v1723982719/Penugasan/yqnyyim5q2fyuggo5lci.jpg",
      "fotoselfie": "http://res.cloudinary.com/dgxbyse13/image/upload/v1723982728/Penugasan/crjrq1vyunnfusks3aqu.jpg",
      "nama": "QOMARUDDIN",
      "kelompok": 5,
      "nim": "240411100128",
      "alamat": "Pamekasan",
      "no": "083852833055",
      "ttl": "Pamekasan, 04 Oktober 2005"
    },
    {
      "id": 91,
      "fotoformal": "http://res.cloudinary.com/dgxbyse13/image/upload/v1723982790/Penugasan/tfsrtwa4qzqg4b3qxopl.jpg",
      "fotoselfie": "http://res.cloudinary.com/dgxbyse13/image/upload/v1723982780/Penugasan/pr6z304gvbbh9woamqys.jpg",
      "nama": "RENDI YULISTIO FIRMANSYAH",
      "kelompok": 10,
      "nim": "240411100149",
      "alamat": "WONOSARI WETAN 2-B/48 ( Surabaya)",
      "no": "08974879695",
      "ttl": "Surabaya, 04 Juli 2005"
    },
    {
      "id": 92,
      "fotoformal": "http://res.cloudinary.com/dldzwrrkq/image/upload/v1723982786/dy50dv8jd41ib0eotimr.jpg",
      "fotoselfie": "http://res.cloudinary.com/dldzwrrkq/image/upload/v1723982795/k8qk7fqzhn6xs4lrgudp.jpg",
      "nama": "Sucipto Budiono",
      "kelompok": 8,
      "nim": "240411100049",
      "alamat": "Tuban",
      "no": "087724025788",
      "ttl": "Tuban, 30 Mei 2006"
    },
    {
      "id": 93,
      "fotoformal": "http://res.cloudinary.com/dgxbyse13/image/upload/v1723982769/Penugasan/cdfypywibhlevnmavaxq.png",
      "fotoselfie": "http://res.cloudinary.com/dgxbyse13/image/upload/v1723982782/Penugasan/achnmbccftm5ec1q79xr.jpg",
      "nama": "Deo candra saputra",
      "kelompok": 1,
      "nim": "240411100137",
      "alamat": "Ngawi",
      "no": "085745294134",
      "ttl": "Ngawi, 18 juli 2006"
    },
    {
      "id": 94,
      "fotoformal": "http://res.cloudinary.com/dgxbyse13/image/upload/v1723982774/Penugasan/iynudxglmt6ftddqarwp.jpg",
      "fotoselfie": "http://res.cloudinary.com/dgxbyse13/image/upload/v1723982797/Penugasan/kdjjfundjcirbkggv10y.jpg",
      "nama": "Muhammad Ali Murtadho",
      "kelompok": 12,
      "nim": "240411100119",
      "alamat": "Baron Nganjuk",
      "no": "082135359258",
      "ttl": "Nganjuk, 22 September 2005"
    },
    {
      "id": 95,
      "fotoformal": "http://res.cloudinary.com/dgxbyse13/image/upload/v1723982608/Penugasan/yxwslwmjzzwtt6gyyk9t.jpg",
      "fotoselfie": "http://res.cloudinary.com/dgxbyse13/image/upload/v1723982803/Penugasan/guwonpyjubhavpczlw8l.jpg",
      "nama": "Muhammad Afriza Rasya Habibi",
      "kelompok": 10,
      "nim": "240411100199",
      "alamat": "Graha Trunojoyo blok E no.8",
      "no": "085974563781",
      "ttl": "Jombang/13 Agustus 2005"
    },
    {
      "id": 97,
      "fotoformal": "http://res.cloudinary.com/dgxbyse13/image/upload/v1723982862/Penugasan/gmr3ajolxrvjes2t5kdt.png",
      "fotoselfie": "http://res.cloudinary.com/dgxbyse13/image/upload/v1723982881/Penugasan/itkgdkz7x6maj5gaqjuz.jpg",
      "nama": "ANGGA PRATAMA",
      "kelompok": 9,
      "nim": "24011100132",
      "alamat": "Tuban",
      "no": "081556450733",
      "ttl": "Lamongan,05 Februari 2006"
    },
    {
      "id": 98,
      "fotoformal": "http://res.cloudinary.com/dgxbyse13/image/upload/v1723982892/Penugasan/wmfoipfquooob8wdziww.png",
      "fotoselfie": "http://res.cloudinary.com/dgxbyse13/image/upload/v1723982903/Penugasan/dyoxpxf4bdsvkfm2ggpl.jpg",
      "nama": "Mutia Awalul Syifani",
      "kelompok": 7,
      "nim": "240411100159",
      "alamat": "Blitar",
      "no": "083853531228",
      "ttl": "Blitar 22 Januari 2004"
    },
    {
      "id": 99,
      "fotoformal": "http://res.cloudinary.com/dgxbyse13/image/upload/v1723982917/Penugasan/ygt9zeuxodw0vbxbqxx3.jpg",
      "fotoselfie": "http://res.cloudinary.com/dgxbyse13/image/upload/v1723982952/Penugasan/ht7uvkhuaejxzpu1oleb.jpg",
      "nama": "Fitria Cahaya Kurnia",
      "kelompok": 12,
      "nim": "240411100192",
      "alamat": "Paiton Probolinggo",
      "no": "085748772852",
      "ttl": "Probolinggo/04 November 2005"
    },
    {
      "id": 101,
      "fotoformal": "http://res.cloudinary.com/dgxbyse13/image/upload/v1723982919/Penugasan/g6lxlmiklukb4osilysw.jpg",
      "fotoselfie": "http://res.cloudinary.com/dgxbyse13/image/upload/v1723982972/Penugasan/tgvjkhbunjina4nqbgor.jpg",
      "nama": "Nurhabibatul Umah",
      "kelompok": 9,
      "nim": "240411100169",
      "alamat": "Tuban",
      "no": "085847730295",
      "ttl": "Tuban, 14 Maret 2006"
    },
    {
      "id": 102,
      "fotoformal": "http://res.cloudinary.com/dldzwrrkq/image/upload/v1723983006/cs8edfysks4bqrtncenz.jpg",
      "fotoselfie": "http://res.cloudinary.com/dldzwrrkq/image/upload/v1723983044/tzcbncfu54ioppakbnl9.jpg",
      "nama": "Moh. Fani efendi",
      "kelompok": 7,
      "nim": "240411100048",
      "alamat": "Pulau mandangin sampang kecamatan sampang",
      "no": "082139396260",
      "ttl": "22 Agustus 2005"
    },
    {
      "id": 103,
      "fotoformal": "http://res.cloudinary.com/dgxbyse13/image/upload/v1723982991/Penugasan/drwnmmufndinipmvfl0v.png",
      "fotoselfie": "http://res.cloudinary.com/dgxbyse13/image/upload/v1723982995/Penugasan/r7psguitcxxks6sbjbtz.jpg",
      "nama": "Wildan Haydar Amru",
      "kelompok": 2,
      "nim": "240411100091",
      "alamat": "Krian, Sidoarjo",
      "no": "088217639998",
      "ttl": "Sidoarjo, 23 Mei 2005"
    },
    {
      "id": 104,
      "fotoformal": "http://res.cloudinary.com/dgxbyse13/image/upload/v1723982731/Penugasan/xic1d4lwtuvr0tayixep.jpg",
      "fotoselfie": "http://res.cloudinary.com/dgxbyse13/image/upload/v1723983016/Penugasan/ku0lgrbjivjjwduuwjac.jpg",
      "nama": "ACH RAYYAN",
      "kelompok": 2,
      "nim": "240411100188",
      "alamat": "JL.HASANUDDIN",
      "no": "085931928431",
      "ttl": "SAMPANG,15-11-2005"
    },
    {
      "id": 105,
      "fotoformal": "http://res.cloudinary.com/dgxbyse13/image/upload/v1723983110/Penugasan/wrr3o86mlzipmluvbtpp.jpg",
      "fotoselfie": "http://res.cloudinary.com/dgxbyse13/image/upload/v1723983114/Penugasan/o6belxrzvg2yt6dzttme.jpg",
      "nama": "Fathan Ruhul Alam",
      "kelompok": 4,
      "nim": "240411100190",
      "alamat": "Sukabumi",
      "no": "085798808596",
      "ttl": "Sukabumi, 31 Oktober 2006"
    },
    {
      "id": 106,
      "fotoformal": "http://res.cloudinary.com/dldzwrrkq/image/upload/v1723983327/m7hevawbkz039knw917u.jpg",
      "fotoselfie": "undefined",
      "nama": "Dea Cathrine Girsang",
      "kelompok": 7,
      "nim": "240411100113",
      "alamat": "Jl.Sutomo no.09, Saribudolok, Kec.Silimakuta, kab. Simalungun, Provinsi Sumatra Utara",
      "no": "082172268863",
      "ttl": "Saribudolok, 16 Januari 2006"
    },
    {
      "id": 107,
      "fotoformal": "http://res.cloudinary.com/dgxbyse13/image/upload/v1723983329/Penugasan/xvbhojqhfdgl4qw6pnjl.jpg",
      "fotoselfie": "http://res.cloudinary.com/dgxbyse13/image/upload/v1723983468/Penugasan/lhldwm35qsiv3nfyfwef.jpg",
      "nama": "ALGHIFARI AMAR MUKHASYAFAH",
      "kelompok": 3,
      "nim": "240411100123",
      "alamat": "Surabaya, Kalibokor gang V-B",
      "no": "085707811342",
      "ttl": "Surabaya, 01 Agustus 2005"
    },
    {
      "id": 108,
      "fotoformal": "http://res.cloudinary.com/dgxbyse13/image/upload/v1723983397/Penugasan/hrv3vbngfreur6nbhlx6.jpg",
      "fotoselfie": "http://res.cloudinary.com/dgxbyse13/image/upload/v1723983407/Penugasan/gm3hama6x7pyy74beoaf.jpg",
      "nama": "Aisya",
      "kelompok": 1,
      "nim": "240411100025",
      "alamat": "Sampang",
      "no": "082398863818",
      "ttl": "Sampang 20 Agustus 2006"
    },
    {
      "id": 109,
      "fotoformal": "http://res.cloudinary.com/dldzwrrkq/image/upload/v1723983472/xyb2pbk2fjbcvma3baey.jpg",
      "fotoselfie": "http://res.cloudinary.com/dldzwrrkq/image/upload/v1723983484/griksepxz5zrrciodlbo.jpg",
      "nama": "Moh Rafif Zaki",
      "kelompok": 3,
      "nim": "240411100092",
      "alamat": "Jln.Telang indah barat",
      "no": "082333579311",
      "ttl": "Sampang/25 November 2006"
    },
    {
      "id": 113,
      "fotoformal": "http://res.cloudinary.com/dldzwrrkq/image/upload/v1723983664/mnkuypdfgbqovfp9ykbv.jpg",
      "fotoselfie": "http://res.cloudinary.com/dldzwrrkq/image/upload/v1723983670/jlgxtgbjwl5r4ewgkp99.jpg",
      "nama": "Siti nur fadhilah",
      "kelompok": 10,
      "nim": "240411100018",
      "alamat": "Ds. Sambungrejo, kec. Modo, kab. Lamongan",
      "no": "085851914602",
      "ttl": "Lamongan 04 Agustus 2005"
    },
    {
      "id": 114,
      "fotoformal": "http://res.cloudinary.com/dgxbyse13/image/upload/v1723983809/Penugasan/uhqjqqxy74azbbslp6ie.jpg",
      "fotoselfie": "http://res.cloudinary.com/dgxbyse13/image/upload/v1723983815/Penugasan/tnpmf116nqlt4jnbt5sl.jpg",
      "nama": "Abyan Naufal Yunianto",
      "kelompok": 4,
      "nim": "240411100178",
      "alamat": "Jombang",
      "no": "082330962510",
      "ttl": "Jombang/08 Juni 2005"
    },
    {
      "id": 115,
      "fotoformal": "http://res.cloudinary.com/dgxbyse13/image/upload/v1723983933/Penugasan/wgxip9emwzsi5yjpfefk.jpg",
      "fotoselfie": "http://res.cloudinary.com/dgxbyse13/image/upload/v1723983922/Penugasan/eezcm6t46fedypmprhbj.jpg",
      "nama": "M Hendrik Purwanto",
      "kelompok": 11,
      "nim": "240411100118",
      "alamat": "Sampang",
      "no": "083139682650",
      "ttl": "Tuban, 20 April 2005"
    },
    {
      "id": 116,
      "fotoformal": "http://res.cloudinary.com/dldzwrrkq/image/upload/v1723984084/ks8tdzugeufoghat4jgx.jpg",
      "fotoselfie": "http://res.cloudinary.com/dldzwrrkq/image/upload/v1723984090/hjfb7iboy0twnxjq1j9j.jpg",
      "nama": "Rafli khiyanuran Bazhari",
      "kelompok": 7,
      "nim": "240411100001",
      "alamat": "Kebonsari 4A/5",
      "no": "081232377203",
      "ttl": "Sidoarjo, 31 Agustus 2005"
    },
    {
      "id": 117,
      "fotoformal": "http://res.cloudinary.com/dgxbyse13/image/upload/v1723984028/Penugasan/ejskjknmuzpsvnnnqnuf.jpg",
      "fotoselfie": "http://res.cloudinary.com/dgxbyse13/image/upload/v1723984008/Penugasan/chuvtafuhoawfa52um4x.jpg",
      "nama": "Mohammad Aziz Huzaini",
      "kelompok": 4,
      "nim": "240411100079",
      "alamat": "Dsn.bara'alah, Padurungan, Tanah Merah, Bangkalan",
      "no": "081703084004",
      "ttl": "Jakarta/24 Februari 2006"
    },
    {
      "id": 118,
      "fotoformal": "http://res.cloudinary.com/dgxbyse13/image/upload/v1723984229/Penugasan/o0v8oecbzeyb43ftldws.png",
      "fotoselfie": "http://res.cloudinary.com/dgxbyse13/image/upload/v1723984239/Penugasan/v8wnbyr9nplejxjainvf.jpg",
      "nama": "Anas",
      "kelompok": 11,
      "nim": "240411100200",
      "alamat": "Banyuates Sampang",
      "no": "085704328618",
      "ttl": "Sampang 11 Januari 2004"
    },
    {
      "id": 119,
      "fotoformal": "http://res.cloudinary.com/dgxbyse13/image/upload/v1723984180/Penugasan/axglqapktvxvpkbg27q0.jpg",
      "fotoselfie": "http://res.cloudinary.com/dgxbyse13/image/upload/v1723984224/Penugasan/p99ce6uwpysjqbsmtl61.webp",
      "nama": "Zuhroh",
      "kelompok": 11,
      "nim": "240411100067",
      "alamat": "Jln jokotole gag 3 kraton bangkalan",
      "no": "087723345690",
      "ttl": "Jeddah 01 february 2007"
    },
    {
      "id": 120,
      "fotoformal": "http://res.cloudinary.com/dgxbyse13/image/upload/v1723984493/Penugasan/mm3vheoe3fm9essw5v09.jpg",
      "fotoselfie": "http://res.cloudinary.com/dgxbyse13/image/upload/v1723984460/Penugasan/c12mnglgcl6hb9mwuuzv.jpg",
      "nama": "Triswanti Jannatul ma'wa",
      "kelompok": 10,
      "nim": "240411100125",
      "alamat": "Lamongan",
      "no": "082140545290",
      "ttl": "Lamongan,13 September 2005"
    },
    {
      "id": 121,
      "fotoformal": "http://res.cloudinary.com/dgxbyse13/image/upload/v1723984450/Penugasan/zfy2rf9dji3ekd64pd8k.png",
      "fotoselfie": "http://res.cloudinary.com/dgxbyse13/image/upload/v1723984501/Penugasan/edtrezqaxhdcdgsalsnz.jpg",
      "nama": "Yohanes Oktanio",
      "kelompok": 5,
      "nim": "240411100095",
      "alamat": "Dsn Ngepung RT 2 RW 6 Ds Kabuh Jombang",
      "no": "081977330481",
      "ttl": "Jombang, 03 Oktober 2005"
    },
    {
      "id": 122,
      "fotoformal": "http://res.cloudinary.com/dgxbyse13/image/upload/v1723984544/Penugasan/nzftdw4ogd0jiv5jg51t.jpg",
      "fotoselfie": "http://res.cloudinary.com/dgxbyse13/image/upload/v1723984575/Penugasan/kt51adueqvbvpegibzpk.jpg",
      "nama": "Muhammad Afriza Rasya Habibi",
      "kelompok": 10,
      "nim": "240411100199",
      "alamat": "Sawahan gang 3 no.28",
      "no": "085974563781",
      "ttl": "Jombang/13 Agustus 2005"
    },
    {
      "id": 123,
      "fotoformal": "http://res.cloudinary.com/dgxbyse13/image/upload/v1723984605/Penugasan/b3y29lbqimre5lhuuzzq.jpg",
      "fotoselfie": "http://res.cloudinary.com/dgxbyse13/image/upload/v1723984623/Penugasan/g1crkvwvlwhfhbjbcn8f.webp",
      "nama": "MUHAMMAD ARFIAN HIDAYATULLAH",
      "kelompok": 3,
      "nim": "240411100015",
      "alamat": "tebel barat, Gedangan, Sidoarjo",
      "no": "089687987389",
      "ttl": "Gresik 01 November 2006"
    },
    {
      "id": 124,
      "fotoformal": "http://res.cloudinary.com/dldzwrrkq/image/upload/v1723984632/vg6igraq4hhdmrjvbeue.jpg",
      "fotoselfie": "http://res.cloudinary.com/dldzwrrkq/image/upload/v1723984640/hwxgg9y64tlt23tzol6g.jpg",
      "nama": "Ainur Suharyanto",
      "kelompok": 2,
      "nim": "240411100154",
      "alamat": "Arosbaya",
      "no": "083852836457",
      "ttl": "Bangkalan/ 08 07 2005"
    },
    {
      "id": 125,
      "fotoformal": "http://res.cloudinary.com/dgxbyse13/image/upload/v1723984605/Penugasan/k9k4ufvnogtmwahlvew8.png",
      "fotoselfie": "http://res.cloudinary.com/dgxbyse13/image/upload/v1723984638/Penugasan/d85gylnzm5yymc2logmf.jpg",
      "nama": "Putra Fajar Suhardi",
      "kelompok": 2,
      "nim": "240411100059",
      "alamat": "Wiyung, Surabaya",
      "no": "085707728128",
      "ttl": "Surabaya, 03 Mei 2006"
    },
    {
      "id": 126,
      "fotoformal": "http://res.cloudinary.com/dgxbyse13/image/upload/v1723984601/Penugasan/y55jzp6syqxgnggenyau.jpg",
      "fotoselfie": "http://res.cloudinary.com/dgxbyse13/image/upload/v1723984646/Penugasan/bd7skaz8az87ku7uewya.jpg",
      "nama": "Dien latif asyari",
      "kelompok": 2,
      "nim": "240411100038",
      "alamat": "Jl jing injing keiyai lemah duwur Gg 4 no 5",
      "no": "+62 853-3485-5293",
      "ttl": "Bangkalan/ 31 05 2006"
    },
    {
      "id": 128,
      "fotoformal": "http://res.cloudinary.com/dgxbyse13/image/upload/v1723984673/Penugasan/ujvmq72fmzz7xmd44qtg.jpg",
      "fotoselfie": "http://res.cloudinary.com/dgxbyse13/image/upload/v1723984683/Penugasan/pwjy8d4egw4bfgrer0k9.jpg",
      "nama": "Wahyu Ari Ananda Fitrotul Huda",
      "kelompok": 9,
      "nim": "240411100148",
      "alamat": "Desa Ngeper kecamatan padangan kabupaten bojonegoro",
      "no": "081359529946",
      "ttl": "Bojonegoro 20 Januari 2006"
    },
    {
      "id": 129,
      "fotoformal": "http://res.cloudinary.com/dgxbyse13/image/upload/v1723984757/Penugasan/gtox6cmouyps6o0xlnfv.jpg",
      "fotoselfie": "http://res.cloudinary.com/dgxbyse13/image/upload/v1723984771/Penugasan/xsjchhqbazssr9byztf7.jpg",
      "nama": "Shofiatul Mahmudah",
      "kelompok": 12,
      "nim": "240411100023",
      "alamat": "Sumenep",
      "no": "081806704930",
      "ttl": "Sumenep, 26 Agustus 2005"
    },
    {
      "id": 130,
      "fotoformal": "http://res.cloudinary.com/dgxbyse13/image/upload/v1723985003/Penugasan/ahuefe2vt9tkydg7ff5c.png",
      "fotoselfie": "http://res.cloudinary.com/dgxbyse13/image/upload/v1723985024/Penugasan/lnyjse9dun22u8u6r866.jpg",
      "nama": "Mohammad Jefri Yusuf",
      "kelompok": 3,
      "nim": "240411100183",
      "alamat": "Jl. Syuhadak Gg I/4B, RT. 003, RW. 005, Kec. Sampang, Kabupaten Sampang",
      "no": "085748882795",
      "ttl": "Sampang, 8 April 2006"
    },
    {
      "id": 131,
      "fotoformal": "http://res.cloudinary.com/dgxbyse13/image/upload/v1723984501/Penugasan/o5l634fjfryeuzorcaj2.jpg",
      "fotoselfie": "http://res.cloudinary.com/dgxbyse13/image/upload/v1723984508/Penugasan/v5mldjutjb9jyemmxpuk.jpg",
      "nama": "Cucu hasanatul ahfa",
      "kelompok": 11,
      "nim": "240411100126",
      "alamat": "Gilianyar kamal madura",
      "no": "081331566538",
      "ttl": "Jombang,16 desember 2005"
    },
    {
      "id": 132,
      "fotoformal": "http://res.cloudinary.com/dgxbyse13/image/upload/v1723984980/Penugasan/mbdwztcoqcagttcvp32e.png",
      "fotoselfie": "http://res.cloudinary.com/dgxbyse13/image/upload/v1723985063/Penugasan/poccdtaocqxawnplzncb.jpg",
      "nama": "YUDHISTIRA ANUGRAH",
      "kelompok": 7,
      "nim": "240411100162",
      "alamat": "Kalimas Baru 3/15/2",
      "no": "082138403443",
      "ttl": "SURABAYA / 20 Maret 2006"
    },
    {
      "id": 133,
      "fotoformal": "http://res.cloudinary.com/dgxbyse13/image/upload/v1723985192/Penugasan/cffbtkdhavcy8cduooqb.png",
      "fotoselfie": "http://res.cloudinary.com/dgxbyse13/image/upload/v1723985201/Penugasan/glx069bfrkhenumczdny.jpg",
      "nama": "Rakha Syuraih",
      "kelompok": 1,
      "nim": "240411100036",
      "alamat": "Jln. Raya Tunjung",
      "no": "081333403939",
      "ttl": "Bangkalan, 02 Januari 2006"
    },
    {
      "id": 134,
      "fotoformal": "http://res.cloudinary.com/dgxbyse13/image/upload/v1723985246/Penugasan/rifiriotjaasknuxcnt7.jpg",
      "fotoselfie": "http://res.cloudinary.com/dgxbyse13/image/upload/v1723985280/Penugasan/w8oolngmzpckozti5lrh.jpg",
      "nama": "INTAN RESTI HASLINDAWATI",
      "kelompok": 4,
      "nim": "240411100147",
      "alamat": "Desa Sokolelah, Kec. Kadur, Kab. Pamekasan",
      "no": "085854318263",
      "ttl": "Pamekasan, 10 April 2006"
    },
    {
      "id": 135,
      "fotoformal": "http://res.cloudinary.com/dgxbyse13/image/upload/v1723985356/Penugasan/q2dudm2eryqglgtpxodo.jpg",
      "fotoselfie": "http://res.cloudinary.com/dgxbyse13/image/upload/v1723985367/Penugasan/bgbo4g5imjxlxubet5o5.jpg",
      "nama": "amelia fiqriyet",
      "kelompok": 4,
      "nim": "240411100205",
      "alamat": "kwanyar",
      "no": "087772014430",
      "ttl": "bangkalan, 23 maret 2006"
    },
    {
      "id": 136,
      "fotoformal": "http://res.cloudinary.com/dgxbyse13/image/upload/v1723985410/Penugasan/hbjjvrnm8kfhu7x5ddzq.jpg",
      "fotoselfie": "http://res.cloudinary.com/dgxbyse13/image/upload/v1723985450/Penugasan/uu9bzy1ggwiybdjqrwva.jpg",
      "nama": "NABILA YUSRIANA I'FFA ADAM",
      "kelompok": 4,
      "nim": "240411100082",
      "alamat": "Perum Graha Mentari A1/21",
      "no": "085932214007",
      "ttl": "Bangkalan, 7 Maret 2006"
    },
    {
      "id": 137,
      "fotoformal": "http://res.cloudinary.com/dgxbyse13/image/upload/v1723985579/Penugasan/amm8qp4d3qc2jzm5xy9d.jpg",
      "fotoselfie": "http://res.cloudinary.com/dgxbyse13/image/upload/v1723985607/Penugasan/mnzwye9fsp0d57gatmlx.jpg",
      "nama": "Nur muhammad sholeh",
      "kelompok": 12,
      "nim": "240411100218",
      "alamat": "sumenep",
      "no": "083865805052",
      "ttl": "Sumenep,06 MEI 2005"
    },
    {
      "id": 138,
      "fotoformal": "http://res.cloudinary.com/dgxbyse13/image/upload/v1723985655/Penugasan/ggkjstyydefqyi0jb3y7.jpg",
      "fotoselfie": "http://res.cloudinary.com/dgxbyse13/image/upload/v1723985795/Penugasan/tmlu94lusshq0boknkzg.jpg",
      "nama": "Ravi Dian Fahrezi",
      "kelompok": 1,
      "nim": "240411100056",
      "alamat": "PERUM PONDOK HALIM 2 BLOK D2 NO 4, BURNEH, BANGKALAN",
      "no": "089517670340",
      "ttl": "Bangkalan, 04 Juni 2005"
    },
    {
      "id": 139,
      "fotoformal": "http://res.cloudinary.com/dgxbyse13/image/upload/v1723985835/Penugasan/xtrrtzxozvqhi2kazjym.png",
      "fotoselfie": "http://res.cloudinary.com/dgxbyse13/image/upload/v1723985843/Penugasan/zkprktj3fyqzzkcycqzb.jpg",
      "nama": "Rifda Nahariyah Ramadhani",
      "kelompok": 11,
      "nim": "240411100019",
      "alamat": "Lamongan",
      "no": "085730188023",
      "ttl": "Lamongan, 27 September 2006"
    },
    {
      "id": 140,
      "fotoformal": "http://res.cloudinary.com/dgxbyse13/image/upload/v1723986230/Penugasan/umx49npfp7lbgkiwobps.png",
      "fotoselfie": "http://res.cloudinary.com/dgxbyse13/image/upload/v1723986271/Penugasan/wddbhc1ieyqaafp6s5rf.jpg",
      "nama": "Nurul Hasanah",
      "kelompok": 11,
      "nim": "240411100176",
      "alamat": "Robatal Sampang",
      "no": "085950071128",
      "ttl": "Jeddah,06 November 2005"
    },
    {
      "id": 141,
      "fotoformal": "http://res.cloudinary.com/dgxbyse13/image/upload/v1723986424/Penugasan/mju1id32qatcgsadfwgq.jpg",
      "fotoselfie": "http://res.cloudinary.com/dgxbyse13/image/upload/v1723986478/Penugasan/v3qthwpqye4ap8c1wsjr.jpg",
      "nama": "MOH NASHRUN YASIR",
      "kelompok": 3,
      "nim": "240411100230",
      "alamat": "JL. SUHADAK II",
      "no": "089515474330",
      "ttl": "Sampang"
    },
    {
      "id": 142,
      "fotoformal": "http://res.cloudinary.com/dgxbyse13/image/upload/v1723986283/Penugasan/cwamjeuq9yu404f2igdz.jpg",
      "fotoselfie": "http://res.cloudinary.com/dgxbyse13/image/upload/v1723986294/Penugasan/yiqzo7w7hha9xrcupfam.jpg",
      "nama": "Allifah Sayyidaturrhohma",
      "kelompok": 3,
      "nim": "240411100145",
      "alamat": "Jl.Gapura RT 001 / RW 002 Desa Bangkal Kab.Sumenep",
      "no": "0895369920044",
      "ttl": "Sumenep, 7 Juli 2006"
    },
    {
      "id": 144,
      "fotoformal": "http://res.cloudinary.com/dgxbyse13/image/upload/v1723986823/Penugasan/ayajqgnsehrqroeyqkqk.jpg",
      "fotoselfie": "http://res.cloudinary.com/dgxbyse13/image/upload/v1723986851/Penugasan/bykdk92locsh6fk1hdtz.jpg",
      "nama": "Muhammad Ilham",
      "kelompok": 2,
      "nim": "240411100187",
      "alamat": "Menden,Blora Jawa Tengah",
      "no": "08812662039",
      "ttl": "Blora/06 April 2006"
    },
    {
      "id": 145,
      "fotoformal": "http://res.cloudinary.com/dgxbyse13/image/upload/v1723986999/Penugasan/psy9oxacvaudnghwa6ql.jpg",
      "fotoselfie": "http://res.cloudinary.com/dgxbyse13/image/upload/v1723987033/Penugasan/aopep7wx9eojzohiwjbl.jpg",
      "nama": "Brian Baharatisy Ismail",
      "kelompok": 2,
      "nim": "240411100013",
      "alamat": "Sp 3 jalur 1 Trans lokal karang senang, kuala kencana",
      "no": "+62 857-1418-5072",
      "ttl": "Timika, 5 Januari 2006"
    },
    {
      "id": 146,
      "fotoformal": "http://res.cloudinary.com/dgxbyse13/image/upload/v1723987370/Penugasan/l2vqg6o9oekyup4kt60m.jpg",
      "fotoselfie": "http://res.cloudinary.com/dgxbyse13/image/upload/v1723987378/Penugasan/cebmqh1nhzdilrcumoat.jpg",
      "nama": "Ahmad Maulana Ishaq",
      "kelompok": 4,
      "nim": "240411100157",
      "alamat": "Gondang manis Bandar Kedungmulyo Jombang",
      "no": "087837380164",
      "ttl": "27 MEI 2004"
    },
    {
      "id": 148,
      "fotoformal": "http://res.cloudinary.com/dgxbyse13/image/upload/v1723989086/Penugasan/nsklv0iiuxawpfbruhow.jpg",
      "fotoselfie": "http://res.cloudinary.com/dgxbyse13/image/upload/v1723989105/Penugasan/hi9mxcrgklqtxrqqviqu.webp",
      "nama": "Ani nur Kumalasari",
      "kelompok": 10,
      "nim": "240411100064",
      "alamat": "Siwalan pencaran Panceng gresik",
      "no": "087723784066",
      "ttl": "Gresik 12 February 2006"
    },
    {
      "id": 149,
      "fotoformal": "http://res.cloudinary.com/dgxbyse13/image/upload/v1723995880/Penugasan/jzj00ts4c5m6xwh1yhez.png",
      "fotoselfie": "http://res.cloudinary.com/dgxbyse13/image/upload/v1723995856/Penugasan/tcablp0vldudkt0ube4l.jpg",
      "nama": "Galih nur alif tri pamungkas",
      "kelompok": 4,
      "nim": "240411100061",
      "alamat": "Telang indah, timur kampus, gang 01",
      "no": "082338482114",
      "ttl": "Sumenep, 11 Januari 2006"
    },
    {
      "id": 150,
      "fotoformal": "http://res.cloudinary.com/dgxbyse13/image/upload/v1723999188/Penugasan/wermbefmt0oco944j9og.jpg",
      "fotoselfie": "http://res.cloudinary.com/dgxbyse13/image/upload/v1723999204/Penugasan/eywp89sz2ch8fiqa8mxx.jpg",
      "nama": "Azka Syaikhu",
      "kelompok": 9,
      "nim": "240411100028",
      "alamat": "Perumahan Griya Abadi AE 09",
      "no": "085232221026",
      "ttl": "Bangkalan,16-03-2005"
    },
    {
      "id": 151,
      "fotoformal": "http://res.cloudinary.com/dgxbyse13/image/upload/v1724000323/Penugasan/h5m71dk7iuo9hbintd40.png",
      "fotoselfie": "http://res.cloudinary.com/dgxbyse13/image/upload/v1724000381/Penugasan/wi9j9kwcicy9mwveztg8.jpg",
      "nama": "Pradityo Sasongko P",
      "kelompok": 8,
      "nim": "240411100146",
      "alamat": "Pare Kediri Jawa Timur",
      "no": "085648396739",
      "ttl": "Kediri, 21 Mei 2006"
    },
    {
      "id": 152,
      "fotoformal": "https://res.cloudinary.com/dgxbyse13/image/upload/v1723893230/Penugasan/dmmmgluus61cltslfisi.jpg",
      "fotoselfie": "https://res.cloudinary.com/dgxbyse13/image/upload/v1723893239/Penugasan/w6lus5ydjcb9yeuipsqb.jpg",
      "nama": "ARIEL IBNU FIRMANSYAH MS",
      "kelompok": 1,
      "nim": "240411100186",
      "alamat": "Tanjung Bumi ",
      "no": "085856294992",
      "ttl": "Bangkalan, 19 Juni 2006"
    },
    {
      "id": 154,
      "fotoformal": "http://res.cloudinary.com/dgxbyse13/image/upload/v1724010553/Penugasan/znzgwof1duwulw6hpmoq.jpg",
      "fotoselfie": "http://res.cloudinary.com/dgxbyse13/image/upload/v1724010588/Penugasan/gzbgw5kjohh55uowwma0.jpg",
      "nama": "Alexius Bago",
      "kelompok": 2,
      "nim": "240411100121",
      "alamat": "Jl. R.A. Kartini, Telukdalam",
      "no": "082367157520",
      "ttl": "Telukdalam, 20 Agustus 2006"
    },
    {
      "id": 155,
      "fotoformal": "http://res.cloudinary.com/dgxbyse13/image/upload/v1724017533/Penugasan/frhwlgerhmvrjkscdg0m.jpg",
      "fotoselfie": "http://res.cloudinary.com/dgxbyse13/image/upload/v1724017702/Penugasan/xwwirxu3w56tjti0bxx7.jpg",
      "nama": "Mohammad Andri Firmansyah",
      "kelompok": 2,
      "nim": "240411100139",
      "alamat": "Kabupaten Mojokerto",
      "no": "085730693177",
      "ttl": "Mojokerto, 24 Desember 2004"
    },
    {
      "id": 156,
      "fotoformal": "http://res.cloudinary.com/dldzwrrkq/image/upload/v1724022194/rcjfdteggut0cogpnpqs.jpg",
      "fotoselfie": "http://res.cloudinary.com/dldzwrrkq/image/upload/v1724022200/wfzpiep1vdy6ggoqrjbo.jpg",
      "nama": "firda nayla zahwa",
      "kelompok": 4,
      "nim": "240411100039",
      "alamat": "kemayoran,bangkalan",
      "no": "083119563988",
      "ttl": "bangkalan,11 oktober 2005"
    },
    {
      "id": 157,
      "fotoformal": "http://res.cloudinary.com/dgxbyse13/image/upload/v1724022456/Penugasan/zzmgiz0oqmbjvxiosz1o.png",
      "fotoselfie": "http://res.cloudinary.com/dgxbyse13/image/upload/v1724022702/Penugasan/hz3fcxhzuxjsczconshv.jpg",
      "nama": "Dewi Geizya",
      "kelompok": 2,
      "nim": "240411100074",
      "alamat": "Jalan Salak 9 No 7, Perumnas Kamal",
      "no": "085939450633",
      "ttl": "Sampang, 04 November 2005"
    },
    {
      "id": 158,
      "fotoformal": "http://res.cloudinary.com/dgxbyse13/image/upload/v1724024114/Penugasan/pfiwoghceylcruv3njrs.png",
      "fotoselfie": "http://res.cloudinary.com/dgxbyse13/image/upload/v1724024260/Penugasan/vv9vh4wtusdh7r4mdeln.jpg",
      "nama": "Ahmad Labib Arifuddin",
      "kelompok": 12,
      "nim": "240411100152",
      "alamat": "Bojonegoro",
      "no": "0882009015387",
      "ttl": "Bojonegoro, 08Oktober 2005"
    },
    {
      "id": 161,
      "fotoformal": "http://res.cloudinary.com/dldzwrrkq/image/upload/v1724029481/wfibwonzekoagcqpuhsm.jpg",
      "fotoselfie": "http://res.cloudinary.com/dgxbyse13/image/upload/v1724030401/Penugasan/xsd935z1vzb0buoavffj.jpg",
      "nama": "Muhammad yusril firmansyah",
      "kelompok": 10,
      "nim": "240411100229",
      "alamat": "Bulak setro utara",
      "no": "085607183904",
      "ttl": "Surabaya,13/03/2006"
    },
    {
      "id": 162,
      "fotoformal": "http://res.cloudinary.com/dgxbyse13/image/upload/v1724031295/Penugasan/feono2pqmyjevnfyslbd.jpg",
      "fotoselfie": "http://res.cloudinary.com/dgxbyse13/image/upload/v1724031314/Penugasan/ghykem1dtt5gawlb5hik.jpg",
      "nama": "Afni Dwi Santia Afandi",
      "kelompok": 10,
      "nim": "240411100005",
      "alamat": "Jalan Raya Telang No.07",
      "no": "081216675744",
      "ttl": "Samarinda, 10 Juni 2005"
    },
    {
      "id": 163,
      "fotoformal": "http://res.cloudinary.com/dgxbyse13/image/upload/v1724038546/Penugasan/veprzwzbx9aigbzsln16.jpg",
      "fotoselfie": "http://res.cloudinary.com/dgxbyse13/image/upload/v1724038537/Penugasan/rhww3jfqsjkewuizaqum.jpg",
      "nama": "Okan Syailendra wahyudi",
      "kelompok": 7,
      "nim": "240411100179",
      "alamat": "Jl Cendana 1 blok f no 3",
      "no": "089516201846",
      "ttl": "Surabaya,20-05-2006"
    },
    {
      "id": 164,
      "fotoformal": "http://res.cloudinary.com/dgxbyse13/image/upload/v1724038762/Penugasan/znbxx9yruyqdpzeyxpvo.jpg",
      "fotoselfie": "http://res.cloudinary.com/dgxbyse13/image/upload/v1724038964/Penugasan/lcga8uc5b64flzn5z9qs.jpg",
      "nama": "Zulfikar Ramdan F",
      "kelompok": 7,
      "nim": "240411100213",
      "alamat": "Blega",
      "no": "081359136886",
      "ttl": "Blega,Bangkalan 30-10-2005"
    },
    {
      "id": 165,
      "fotoformal": "http://res.cloudinary.com/dgxbyse13/image/upload/v1724040754/Penugasan/hxti8xpftkafspbgdudc.jpg",
      "fotoselfie": "http://res.cloudinary.com/dgxbyse13/image/upload/v1724040795/Penugasan/wz6fzvmip6zvihvaqtqp.jpg",
      "nama": "Eka Safanoli Safitri",
      "kelompok": 1,
      "nim": "240411100072",
      "alamat": "Sampang",
      "no": "085791540723",
      "ttl": "Sampang, 1 November 2005"
    },
    {
      "id": 166,
      "fotoformal": "http://res.cloudinary.com/dgxbyse13/image/upload/v1724041114/Penugasan/arpiaazsuvjxjsbhkasg.jpg",
      "fotoselfie": "http://res.cloudinary.com/dgxbyse13/image/upload/v1724041056/Penugasan/aax0foak3eth0vussobq.jpg",
      "nama": "Muhammat Akrom",
      "kelompok": 12,
      "nim": "240411100222",
      "alamat": "Bangkalan",
      "no": "081559531836",
      "ttl": "Surabaya,01 November 2006"
    },
    {
      "id": 167,
      "fotoformal": "http://res.cloudinary.com/dgxbyse13/image/upload/v1724041107/Penugasan/w1rcubyvifnguus8gere.jpg",
      "fotoselfie": "http://res.cloudinary.com/dgxbyse13/image/upload/v1724041143/Penugasan/mxg0skvcathaxz2jozsz.jpg",
      "nama": "Lailatul Hasanah",
      "kelompok": 1,
      "nim": "240411100196",
      "alamat": "Dsn. Buncelep Utara",
      "no": "085791454084",
      "ttl": "Bangkalan, 03 April 2008"
    },
    {
      "id": 168,
      "fotoformal": "http://res.cloudinary.com/dgxbyse13/image/upload/v1724041338/Penugasan/nhmicyrlw46avhndycam.jpg",
      "fotoselfie": "http://res.cloudinary.com/dgxbyse13/image/upload/v1724041363/Penugasan/qlspeadukq3qk8zmjunk.jpg",
      "nama": "MATSNA RIZAL MUJTABA",
      "kelompok": 5,
      "nim": "240411100021",
      "alamat": "Ds kemlaten kec parengan kab tuban",
      "no": "0882009195316",
      "ttl": "Tuban,17 Mei 2005"
    },
    {
      "id": 169,
      "fotoformal": "http://res.cloudinary.com/dgxbyse13/image/upload/v1724042382/Penugasan/dsdzkybqnsxwvwbou1yh.jpg",
      "fotoselfie": "http://res.cloudinary.com/dldzwrrkq/image/upload/v1724051874/sifwpk3uz2zgxjq2f4cz.jpg",
      "nama": "Ahmad syamsul fuadi",
      "kelompok": 1,
      "nim": "240411100210",
      "alamat": "DUSUN MANDARAN,PUGER WETAN,PUGER,JEMBER,JAWA TIMUR",
      "no": "081553765749",
      "ttl": "JEMBER,05 01 2003"
    },
    {
      "id": 170,
      "fotoformal": "http://res.cloudinary.com/dgxbyse13/image/upload/v1724044403/Penugasan/zjnlswgjjpiull7hnsbu.jpg",
      "fotoselfie": "http://res.cloudinary.com/dgxbyse13/image/upload/v1724044423/Penugasan/sha81x35bbszewqjw8tr.jpg",
      "nama": "Ahmad Ubaidillah Mappattiro",
      "kelompok": 3,
      "nim": "240411100171",
      "alamat": "Desa. Masalima kec. Masalembu kab. Sumenep",
      "no": "082139224845",
      "ttl": "Sumenep, 12 februari 2003"
    },
    {
      "id": 171,
      "fotoformal": "http://res.cloudinary.com/dgxbyse13/image/upload/v1724048850/Penugasan/r0cs9uofewcrublrz1nh.jpg",
      "fotoselfie": "http://res.cloudinary.com/dgxbyse13/image/upload/v1724048855/Penugasan/qsuigoain1mybbnsqrhe.heic",
      "nama": "IRMA ANNISATUL JANNAH",
      "kelompok": 8,
      "nim": "240411100014",
      "alamat": "Baron,Nganjuk,Jawa Timur",
      "no": "089524042891",
      "ttl": "Nganjuk,19 September 2005"
    },
    {
      "id": 172,
      "fotoformal": "http://res.cloudinary.com/dgxbyse13/image/upload/v1724065658/Penugasan/kd87o24hosylfhrqjwrm.jpg",
      "fotoselfie": "http://res.cloudinary.com/dgxbyse13/image/upload/v1724065708/Penugasan/ygxh0hfeipizj7qwkasu.jpg",
      "nama": "SAIFUL RIJAL",
      "kelompok": 2,
      "nim": "240411100106",
      "alamat": "Sampang",
      "no": "081911317205",
      "ttl": "Sampang/11 April 2006"
    },
    {
      "id": 174,
      "fotoformal": "http://res.cloudinary.com/dgxbyse13/image/upload/v1724071312/Penugasan/zjs4rscxj6noigopaezb.png",
      "fotoselfie": "http://res.cloudinary.com/dgxbyse13/image/upload/v1724071337/Penugasan/rzqsfdshljmhtp4lbmdm.jpg",
      "nama": "M. Fatihul Umam",
      "kelompok": 4,
      "nim": "240411100209",
      "alamat": "Bangkalan, Kwanyar",
      "no": "085645304501",
      "ttl": "Bangkalan, 16-09-2006"
    },
    {
      "id": 175,
      "fotoformal": "http://res.cloudinary.com/dgxbyse13/image/upload/v1724079593/Penugasan/emvzf9wcfdfwls29lqet.jpg",
      "fotoselfie": "http://res.cloudinary.com/dgxbyse13/image/upload/v1724079617/Penugasan/jj4oc7lylb6d6etgd7vw.jpg",
      "nama": "Zakaria Mujur Prasetyo",
      "kelompok": 7,
      "nim": "240411100144",
      "alamat": "Kecamatan Wringinanom, Kabupaten Gresik, Jawa Timur",
      "no": "0895419950900",
      "ttl": "Mojokerto, 07 Juli 2005"
    },
    {
      "id": 177,
      "fotoformal": "http://res.cloudinary.com/dldzwrrkq/image/upload/v1724087433/tfm8rk9pepvovliqfiwv.png",
      "fotoselfie": "http://res.cloudinary.com/dldzwrrkq/image/upload/v1724087442/qd7q6p9rnccwayfrxmdp.jpg",
      "nama": "MUHAMMAD ZIDAN DHIKRULLOH PERDANA",
      "kelompok": 6,
      "nim": "240411100083",
      "alamat": "SIDOARJO",
      "no": "085648860740",
      "ttl": "Sidoarjo/10 Maret 2006"
    },
    {
      "id": 178,
      "fotoformal": "http://res.cloudinary.com/dgxbyse13/image/upload/v1724087694/Penugasan/wgnblpqtqb4yolxjglv2.jpg",
      "fotoselfie": "http://res.cloudinary.com/dgxbyse13/image/upload/v1724087697/Penugasan/hrn0mijefnpvawqboocv.jpg",
      "nama": "Safri Iwanussuyuf",
      "kelompok": 2,
      "nim": "240411100170",
      "alamat": "Dusun Tarebungan RT 01 RW 02 Desa Kalianget Timur Kecamatan Kalianget Kabupaten Sumenep",
      "no": "085330403907",
      "ttl": "Sumenep/17 Mei 2005"
    },
    {
      "id": 179,
      "fotoformal": "http://res.cloudinary.com/dgxbyse13/image/upload/v1724104049/Penugasan/l7hli3xtbfjia2pu2mz6.jpg",
      "fotoselfie": "http://res.cloudinary.com/dgxbyse13/image/upload/v1724104068/Penugasan/hizbhozb2tpawepb4nkz.jpg",
      "nama": "Achmad zulkarnaen",
      "kelompok": 4,
      "nim": "2440411100016",
      "alamat": "Pengampon 4 no.37",
      "no": "089615933353",
      "ttl": "Surabaya, 02 Juli 2006"
    },
    {
      "id": 180,
      "fotoformal": "http://res.cloudinary.com/dldzwrrkq/image/upload/v1724106067/xococltmqct3lvyegjm9.jpg",
      "fotoselfie": "http://res.cloudinary.com/dldzwrrkq/image/upload/v1724106083/haecmtw4cicfdhywk9co.webp",
      "nama": "NABILA YUSRIANA I'FFA ADAM",
      "kelompok": 4,
      "nim": "240411100082",
      "alamat": "Perum Graha Mentari A1) 21",
      "no": "085932214007",
      "ttl": "Bangkalan, 07 Maret 2006"
    },
    {
      "id": 181,
      "fotoformal": "http://res.cloudinary.com/dgxbyse13/image/upload/v1724106625/Penugasan/chmonckpaypo4d2zdpf4.jpg",
      "fotoselfie": "http://res.cloudinary.com/dgxbyse13/image/upload/v1724106643/Penugasan/qkrcokeyrsd5tm5j4ttl.jpg",
      "nama": "Marshella Aulia Putri",
      "kelompok": 2,
      "nim": "240411100202",
      "alamat": "Jl.gersih putih barat,kalianget timur,sumenep",
      "no": "085749090024",
      "ttl": "Sumenep"
    },
    {
      "id": 182,
      "fotoformal": "http://res.cloudinary.com/dgxbyse13/image/upload/v1724106793/Penugasan/gk6hoy6b1cm7l86oygx0.png",
      "fotoselfie": "http://res.cloudinary.com/dgxbyse13/image/upload/v1724106833/Penugasan/wxh8fxq6zfszaadawdfz.jpg",
      "nama": "Liwa Ul Hamdi",
      "kelompok": 6,
      "nim": "240411100111",
      "alamat": "Sidoarjo",
      "no": "082112840746",
      "ttl": "Bojonegoro, 20 Januari 2005"
    },
    {
      "id": 183,
      "fotoformal": "http://res.cloudinary.com/dgxbyse13/image/upload/v1724106870/Penugasan/almiinu9mrcoowhgubsk.jpg",
      "fotoselfie": "http://res.cloudinary.com/dgxbyse13/image/upload/v1724106888/Penugasan/otne9uhdy39ztuqtognr.jpg",
      "nama": "Ryan hidayat",
      "kelompok": 8,
      "nim": "240411100163",
      "alamat": "Kmp. Masjid cendana, kwanyar",
      "no": "085815231599",
      "ttl": "Banglalan, 19 Maret 2004"
    },
    {
      "id": 184,
      "fotoformal": "http://res.cloudinary.com/dgxbyse13/image/upload/v1724107156/Penugasan/sqysmsnvjytpsuorluye.jpg",
      "fotoselfie": "http://res.cloudinary.com/dgxbyse13/image/upload/v1724107172/Penugasan/juzryd02rdmkarr6hae0.jpg",
      "nama": "Sariyanto",
      "kelompok": 4,
      "nim": "240411100127",
      "alamat": "Sumenep",
      "no": "082336138705",
      "ttl": "Sumenep/12/September"
    },
    {
      "id": 186,
      "fotoformal": "http://res.cloudinary.com/dgxbyse13/image/upload/v1724107289/Penugasan/ouiqhymudrl9usz4svyz.jpg",
      "fotoselfie": "http://res.cloudinary.com/dgxbyse13/image/upload/v1724107318/Penugasan/dw7t48tlenvquy97trdi.jpg",
      "nama": "Muhammad Isa",
      "kelompok": 1,
      "nim": "240411100168",
      "alamat": "Jombang",
      "no": "082226482422",
      "ttl": "Jombang, 09-06-2005"
    },
    {
      "id": 187,
      "fotoformal": "http://res.cloudinary.com/dgxbyse13/image/upload/v1724107668/Penugasan/wnpu4mgj33yyfzik3yyx.png",
      "fotoselfie": "http://res.cloudinary.com/dgxbyse13/image/upload/v1724107689/Penugasan/eempsc1a9pzjviooegk9.jpg",
      "nama": "AHMAD DAFI ZIDNI ALFARISI",
      "kelompok": 8,
      "nim": "240411100027",
      "alamat": "Sugihwaras Kalitengah Lamongan",
      "no": "085704731040",
      "ttl": "Lamongan 19 03 2006"
    },
    {
      "id": 188,
      "fotoformal": "http://res.cloudinary.com/dgxbyse13/image/upload/v1724108231/Penugasan/gwuyeiy0t4x4ad9hkh1u.jpg",
      "fotoselfie": "http://res.cloudinary.com/dgxbyse13/image/upload/v1724108251/Penugasan/ahqedc8aog8shkjy8kv7.jpg",
      "nama": "Magdalena Jovita Hatuopar",
      "kelompok": 3,
      "nim": "240411100078",
      "alamat": "Madiun",
      "no": "081252825764",
      "ttl": "Ambon, 5 Agustus 2004"
    },
    {
      "id": 189,
      "fotoformal": "http://res.cloudinary.com/dgxbyse13/image/upload/v1724108244/Penugasan/enamy3wxl1q051gcfacc.jpg",
      "fotoselfie": "http://res.cloudinary.com/dgxbyse13/image/upload/v1724108251/Penugasan/vdkhk49beeinvz3q9oke.jpg",
      "nama": "Sabrina Nur Haliza",
      "kelompok": 3,
      "nim": "240411100204",
      "alamat": "Pamekasan",
      "no": "085142514096",
      "ttl": "Pamekasan, 23 September 2005"
    },
    {
      "id": 190,
      "fotoformal": "http://res.cloudinary.com/dgxbyse13/image/upload/v1724109848/Penugasan/in7y2svxuv4cnfttjv3m.png",
      "fotoselfie": "http://res.cloudinary.com/dgxbyse13/image/upload/v1724109876/Penugasan/laqxeghst3dhwv72fler.png",
      "nama": "Rosul Muhammad Dani",
      "kelompok": 8,
      "nim": "240411100206",
      "alamat": "Bangkalan",
      "no": "085174133441",
      "ttl": "Bangkalan, 07 November 2005"
    },
    {
      "id": 191,
      "fotoformal": "http://res.cloudinary.com/dgxbyse13/image/upload/v1724112807/Penugasan/lohk9j42gk1xtmh8h4tb.jpg",
      "fotoselfie": "http://res.cloudinary.com/dgxbyse13/image/upload/v1724112819/Penugasan/j1hvss0bgbzi3ggx0hoo.jpg",
      "nama": "Nur Fadilah",
      "kelompok": 6,
      "nim": "240411100122",
      "alamat": "Sampang",
      "no": "081357060918",
      "ttl": "Sampang, 1 April 2005"
    },
    {
      "id": 193,
      "fotoformal": "http://res.cloudinary.com/dldzwrrkq/image/upload/v1724113495/xwbc7fth9ocltpj8szvl.jpg",
      "fotoselfie": "http://res.cloudinary.com/dldzwrrkq/image/upload/v1724113500/yqxfsrwfeea4kyfiftup.jpg",
      "nama": "Muhammad Fathul Iman Wahid",
      "kelompok": 8,
      "nim": "240411100180",
      "alamat": "Jl kusuma bangsa",
      "no": "081336842033",
      "ttl": "Cilegon 6 agustus 2005"
    },
    {
      "id": 194,
      "fotoformal": "http://res.cloudinary.com/dgxbyse13/image/upload/v1724113321/Penugasan/j7rigdowh30q0b2ekrmf.jpg",
      "fotoselfie": "http://res.cloudinary.com/dgxbyse13/image/upload/v1724113328/Penugasan/m4cyfmntv9jawbrezo1j.jpg",
      "nama": "Muhammad Fathul Iman Wahid",
      "kelompok": 8,
      "nim": "240411100180",
      "alamat": "Jl.kusuma bangsa",
      "no": "081336842033",
      "ttl": "Cilegon 6 agustus 2005"
    },
    {
      "id": 196,
      "fotoformal": "http://res.cloudinary.com/dgxbyse13/image/upload/v1724113767/Penugasan/qczuxrfbxk7uie3c2u3g.jpg",
      "fotoselfie": "http://res.cloudinary.com/dgxbyse13/image/upload/v1724113741/Penugasan/iechhsdaxdp966r3s4fd.jpg",
      "nama": "Raihan aryanova narendra",
      "kelompok": 4,
      "nim": "240411100094",
      "alamat": "Sampang",
      "no": "082139393909",
      "ttl": "Sampang,05 november 2006"
    },
    {
      "id": 197,
      "fotoformal": "http://res.cloudinary.com/dldzwrrkq/image/upload/v1724115059/prs6v8yizyvzuyxu9iy3.jpg",
      "fotoselfie": "http://res.cloudinary.com/dldzwrrkq/image/upload/v1724115074/yzbhli5s3suqy9uttxvh.jpg",
      "nama": "Rae Rangga Gazelle",
      "kelompok": 6,
      "nim": "240411100011",
      "alamat": "Mlajah",
      "no": "089510566424",
      "ttl": "Bangkalan, 27 Juli 2005"
    },
    {
      "id": 198,
      "fotoformal": "http://res.cloudinary.com/dgxbyse13/image/upload/v1724115659/Penugasan/osxuvwas9rret2ls0uik.png",
      "fotoselfie": "http://res.cloudinary.com/dgxbyse13/image/upload/v1724115676/Penugasan/r1hyc67b5ha4wvfxaaca.jpg",
      "nama": "NUR ATIYA SUKMAWATI",
      "kelompok": 2,
      "nim": "240411100138",
      "alamat": "Sumenep",
      "no": "0895359678500",
      "ttl": "Sumenep, 23 oktober 2005"
    },
    {
      "id": 199,
      "fotoformal": "http://res.cloudinary.com/dgxbyse13/image/upload/v1724116791/Penugasan/jy1x0alu3dthi6h7rezn.png",
      "fotoselfie": "http://res.cloudinary.com/dgxbyse13/image/upload/v1724116815/Penugasan/fnxhbjox57uogehhamhn.png",
      "nama": "Rosul Muhammad Dani",
      "kelompok": 8,
      "nim": "240411100206",
      "alamat": "Bangkalan",
      "no": "085174133441",
      "ttl": "Bangkalan, 07 November 2005"
    },
    {
      "id": 200,
      "fotoformal": "http://res.cloudinary.com/dldzwrrkq/image/upload/v1724124352/vn5nnejfubflkboigk6t.png",
      "fotoselfie": "http://res.cloudinary.com/dldzwrrkq/image/upload/v1724124371/icbqg0gpq8xwqb6jlhim.jpg",
      "nama": "AHMAD HADI NURYANI",
      "kelompok": 11,
      "nim": "240411100135",
      "alamat": "Bojonegoro",
      "no": "081259277769",
      "ttl": "Bojonegoro 10 Juli 2005"
    },
    {
      "id": 201,
      "fotoformal": "http://res.cloudinary.com/dgxbyse13/image/upload/v1724125788/Penugasan/wy0ey6q0briyfs0c3gkm.jpg",
      "fotoselfie": "http://res.cloudinary.com/dgxbyse13/image/upload/v1724125803/Penugasan/n5hdmr8hrra9ni60jad8.jpg",
      "nama": "Rian Renaldy",
      "kelompok": 9,
      "nim": "240411100053",
      "alamat": "Waru barat, pamekasan",
      "no": "081999526675",
      "ttl": "Pamekasan, 10 April 2005"
    },
    {
      "id": 202,
      "fotoformal": "http://res.cloudinary.com/dldzwrrkq/image/upload/v1724130795/xs8bzh00cv9imjellkzn.jpg",
      "fotoselfie": "http://res.cloudinary.com/dldzwrrkq/image/upload/v1724130810/ztr4y8oqwojg6ofs1gua.jpg",
      "nama": "MOH. AINOR ILYAS AKBAR",
      "kelompok": 3,
      "nim": "240411100107",
      "alamat": "Sampang",
      "no": "+62 812-1599-6401",
      "ttl": "Sampang, 12 februari 2006"
    },
    {
      "id": 203,
      "fotoformal": "http://res.cloudinary.com/dgxbyse13/image/upload/v1724130805/Penugasan/vzjktwkppfq9zqzhcc5r.jpg",
      "fotoselfie": "http://res.cloudinary.com/dgxbyse13/image/upload/v1724130820/Penugasan/y9jmlzqt9fynrdllv1tj.jpg",
      "nama": "FATHUL AMIN",
      "kelompok": 11,
      "nim": "240411100217",
      "alamat": "Tambelangan sampang madura",
      "no": "081249782272",
      "ttl": "sampang, 03 Februari 2005"
    },
    {
      "id": 204,
      "fotoformal": "http://res.cloudinary.com/dgxbyse13/image/upload/v1724131847/Penugasan/lagttkwe8mqwg110jb4h.heic",
      "fotoselfie": "http://res.cloudinary.com/dgxbyse13/image/upload/v1724131857/Penugasan/ucmmxk5ejk7sxtf7qfn2.jpg",
      "nama": "Iffah Tsabita Ihsani",
      "kelompok": 5,
      "nim": "240411100093",
      "alamat": "Sumenep",
      "no": "085936516461",
      "ttl": "Sumenep, 24 Agustus 2006"
    },
    {
      "id": 205,
      "fotoformal": "http://res.cloudinary.com/dldzwrrkq/image/upload/v1724132010/yooxisa0n1gwqdfajcag.jpg",
      "fotoselfie": "http://res.cloudinary.com/dldzwrrkq/image/upload/v1724132030/d5s2sgdovhb1y0upa2lu.jpg",
      "nama": "Muhammad sirul amin",
      "kelompok": 10,
      "nim": "240411100223",
      "alamat": "Bangkalan",
      "no": "087866988391",
      "ttl": "Malaysia,10 2006"
    },
    {
      "id": 206,
      "fotoformal": "http://res.cloudinary.com/dgxbyse13/image/upload/v1724132078/Penugasan/lwa8qsakofwmfp6ixh7t.jpg",
      "fotoselfie": "http://res.cloudinary.com/dgxbyse13/image/upload/v1724132140/Penugasan/thbjxqagdgfxyjchfr79.jpg",
      "nama": "Robbaniyah Umdatun Ni'mah",
      "kelompok": 6,
      "nim": "240411100101",
      "alamat": "Gresik",
      "no": "085854923076",
      "ttl": "Gresik, 26 Juni 2006"
    },
    {
      "id": 208,
      "fotoformal": "http://res.cloudinary.com/dldzwrrkq/image/upload/v1724132244/f4qjlbvytfpnbnrsvvvu.jpg",
      "fotoselfie": "http://res.cloudinary.com/dldzwrrkq/image/upload/v1724132278/k96ugfjz2xjgypzkcnft.jpg",
      "nama": "Tsabita qalbi",
      "kelompok": 12,
      "nim": "240411100089",
      "alamat": "Perumahan permata indah blok C1 no 13 RT 3 RW 4 Banyuanyar Sampang",
      "no": "089528452500",
      "ttl": "Sampang, 3 Maret 2006"
    },
    {
      "id": 209,
      "fotoformal": "http://res.cloudinary.com/dgxbyse13/image/upload/v1724132300/Penugasan/dlud7brrkum1ri8bcet9.jpg",
      "fotoselfie": "http://res.cloudinary.com/dgxbyse13/image/upload/v1724132169/Penugasan/obusmht6ufkmlzdvywin.jpg",
      "nama": "Evan Rafa Radya Alifian",
      "kelompok": 5,
      "nim": "240411100063",
      "alamat": "Kamal, Bangkalan",
      "no": "087852386596",
      "ttl": "Madiun, 19 Oktober 2005"
    },
    {
      "id": 210,
      "fotoformal": "http://res.cloudinary.com/dgxbyse13/image/upload/v1724132409/Penugasan/praehmwor64zlndkupgb.jpg",
      "fotoselfie": "http://res.cloudinary.com/dgxbyse13/image/upload/v1724132414/Penugasan/jznxgrcuklip8qbdgbxo.jpg",
      "nama": "Ahmad Arfani",
      "kelompok": 1,
      "nim": "240411100090",
      "alamat": "Brebes, Jawa Tengah",
      "no": "085786872243",
      "ttl": "Brebes, 26 Agustus 2006"
    },
    {
      "id": 211,
      "fotoformal": "http://res.cloudinary.com/dgxbyse13/image/upload/v1724132312/Penugasan/rcbuehqekvwq60sfaf7y.png",
      "fotoselfie": "http://res.cloudinary.com/dgxbyse13/image/upload/v1724132606/Penugasan/psnobea207k8kg1jjpoe.jpg",
      "nama": "FAHDIMAS AKMAL",
      "kelompok": 6,
      "nim": "240411100228",
      "alamat": "Bangkalan",
      "no": "085159716055",
      "ttl": "Bangkalan/16 mei 2005"
    },
    {
      "id": 212,
      "fotoformal": "http://res.cloudinary.com/dgxbyse13/image/upload/v1724132623/Penugasan/divjffhdv6zd3qciogfm.jpg",
      "fotoselfie": "http://res.cloudinary.com/dgxbyse13/image/upload/v1724132626/Penugasan/lovspdeffshnibkzu7vb.jpg",
      "nama": "MOHAMMAD ELGHIFARY",
      "kelompok": 7,
      "nim": "240411100108",
      "alamat": "Sampang",
      "no": "087758668209",
      "ttl": "Sampang 22 April 2006"
    },
    {
      "id": 216,
      "fotoformal": "http://res.cloudinary.com/dgxbyse13/image/upload/v1724132858/Penugasan/zbd44ibkdqdeuwx1xira.jpg",
      "fotoselfie": "http://res.cloudinary.com/dgxbyse13/image/upload/v1724132870/Penugasan/d2ewl6lkqe3ttrkodhzh.jpg",
      "nama": "Zaid Rengga As Shiddiq",
      "kelompok": 9,
      "nim": "240411100215",
      "alamat": "Jl. Bajo Raya, Pagerungan Besar, Sapeken, Sumenep",
      "no": "085232777587",
      "ttl": "Sumenep/27-06-2006"
    },
    {
      "id": 217,
      "fotoformal": "http://res.cloudinary.com/dgxbyse13/image/upload/v1724132889/Penugasan/e1sscr3jsfqqdhdudbtj.jpg",
      "fotoselfie": "http://res.cloudinary.com/dgxbyse13/image/upload/v1724132975/Penugasan/nrg3n91ykjszbxkezjcq.jpg",
      "nama": "M. Andhika Erdy Rabbani",
      "kelompok": 7,
      "nim": "240411100112",
      "alamat": "Sampang",
      "no": "081249700070",
      "ttl": "Sampang/27-02-2006"
    },
    {
      "id": 218,
      "fotoformal": "http://res.cloudinary.com/dgxbyse13/image/upload/v1724132959/Penugasan/ar4djviqaxcq1lixzr1m.png",
      "fotoselfie": "http://res.cloudinary.com/dgxbyse13/image/upload/v1724132973/Penugasan/i39c4iwaunff8wayy51k.jpg",
      "nama": "Mohammad Waqidi",
      "kelompok": 7,
      "nim": "240411100224",
      "alamat": "Sumenep",
      "no": "082332973665",
      "ttl": "Sumenep, 19 januari 2005"
    },
    {
      "id": 219,
      "fotoformal": "http://res.cloudinary.com/dgxbyse13/image/upload/v1724133138/Penugasan/wgjm0vbgfic5ahpuflsy.jpg",
      "fotoselfie": "http://res.cloudinary.com/dgxbyse13/image/upload/v1724133148/Penugasan/hzw7vepcychzzzc65dpi.jpg",
      "nama": "CEILLO ZAKI NUGRAHA",
      "kelompok": 2,
      "nim": "240411100077",
      "alamat": "Jl. Desa Pagendingan",
      "no": "085847470610",
      "ttl": "Pamekasan, 07/12/2005"
    },
    {
      "id": 221,
      "fotoformal": "http://res.cloudinary.com/dgxbyse13/image/upload/v1724133369/Penugasan/rvq5un0zhxr47gxooxrr.png",
      "fotoselfie": "http://res.cloudinary.com/dgxbyse13/image/upload/v1724133381/Penugasan/hh2egpgj8nwy6mguzpaj.jpg",
      "nama": "Moch. Zamroni Fahreza",
      "kelompok": 8,
      "nim": "240411100085",
      "alamat": "Sumenep",
      "no": "+6283878345386",
      "ttl": "Sumenep/18 mei 2006"
    },
    {
      "id": 222,
      "fotoformal": "http://res.cloudinary.com/dgxbyse13/image/upload/v1724133483/Penugasan/bnml7bcgibtwqjeis1kb.jpg",
      "fotoselfie": "http://res.cloudinary.com/dgxbyse13/image/upload/v1724133489/Penugasan/ynrpnfaqc80nwjbylopl.jpg",
      "nama": "Genta Brilian Baskoro",
      "kelompok": 3,
      "nim": "240411100040",
      "alamat": "Sumenep",
      "no": "0895426443609",
      "ttl": "Malang,06 Januari 2006"
    },
    {
      "id": 224,
      "fotoformal": "http://res.cloudinary.com/dgxbyse13/image/upload/v1724133735/Penugasan/r9znhxnh57fbao6ql3nh.jpg",
      "fotoselfie": "http://res.cloudinary.com/dgxbyse13/image/upload/v1724133588/Penugasan/u5qvsty4o8jb9uatx7ct.jpg",
      "nama": "Moh. Akmal Fatih Ramadhan",
      "kelompok": 3,
      "nim": "240411100208",
      "alamat": "Bangkalan",
      "no": "087741033957",
      "ttl": "Bangkalan, 31 Oktober 2005"
    },
    {
      "id": 225,
      "fotoformal": "http://res.cloudinary.com/dgxbyse13/image/upload/v1724133926/Penugasan/berkv9b1l1qsokiudiu9.png",
      "fotoselfie": "http://res.cloudinary.com/dgxbyse13/image/upload/v1724133972/Penugasan/q9yrgfvls6ovlghtcda6.jpg",
      "nama": "Iman Wahyudy",
      "kelompok": 9,
      "nim": "240411100070",
      "alamat": "Surabaya, Dinoyo Tenun 109",
      "no": "085645050937",
      "ttl": "Surabaya, 3 Juli 2005"
    },
    {
      "id": 226,
      "fotoformal": "http://res.cloudinary.com/dgxbyse13/image/upload/v1724133343/Penugasan/yhnxozkxurdbkisigsag.jpg",
      "fotoselfie": "http://res.cloudinary.com/dgxbyse13/image/upload/v1724133447/Penugasan/nxpvzbi6kdiwnkotff7k.jpg",
      "nama": "Moh.Ridwan Hisyam",
      "kelompok": 11,
      "nim": "240411100033",
      "alamat": "Jln.Letnan Ramli no.1",
      "no": "085843544115",
      "ttl": "Bangkalan/ 25-08-2005"
    },
    {
      "id": 227,
      "fotoformal": "http://res.cloudinary.com/dgxbyse13/image/upload/v1724133982/Penugasan/yrgmylwpsafqnq182qiv.jpg",
      "fotoselfie": "http://res.cloudinary.com/dgxbyse13/image/upload/v1724133998/Penugasan/psy7uo72anbqmbcncdqq.jpg",
      "nama": "Amellya Nurcahya Zultya Putri",
      "kelompok": 9,
      "nim": "240411100062",
      "alamat": "Dsn.Cumpleng Ds.Bronjong Kec.Bluluk Kab.Lamongan",
      "no": "087734043869",
      "ttl": "Lamongan,29 juli 2006"
    },
    {
      "id": 229,
      "fotoformal": "http://res.cloudinary.com/dgxbyse13/image/upload/v1724134438/Penugasan/jgtp9l56kmfg6fck4sko.jpg",
      "fotoselfie": "http://res.cloudinary.com/dgxbyse13/image/upload/v1724134450/Penugasan/yuzcfmlv7bp3z2qtendu.jpg",
      "nama": "Ainur Raftuzzakk",
      "kelompok": 12,
      "nim": "240411100034",
      "alamat": "Nunukan",
      "no": "081352602516",
      "ttl": "Nunukan, 30 Maret 2006"
    },
    {
      "id": 230,
      "fotoformal": "http://res.cloudinary.com/dgxbyse13/image/upload/v1724134956/Penugasan/agtklctovjsxgnpmufxo.png",
      "fotoselfie": "http://res.cloudinary.com/dgxbyse13/image/upload/v1724134982/Penugasan/rchhblhzcl0d2hvevqlu.png",
      "nama": "Rosul Muhammad Dani",
      "kelompok": 8,
      "nim": "240411100206",
      "alamat": "Bangkalan",
      "no": "085174133441",
      "ttl": "Bangkalan, 07 November 2005"
    },
    {
      "id": 231,
      "fotoformal": "http://res.cloudinary.com/dgxbyse13/image/upload/v1724135120/Penugasan/mc1cilmj84j5dapoybpa.jpg",
      "fotoselfie": "http://res.cloudinary.com/dgxbyse13/image/upload/v1724135137/Penugasan/bc0leqf9hto8ns8r0aql.jpg",
      "nama": "R Muhammad Bayu Indrashakti",
      "kelompok": 1,
      "nim": "240411100193",
      "alamat": "khayangan residence mahabarata d3/31 bangkalan madura jawa timur",
      "no": "087771168737",
      "ttl": "Surabaya/9 Juli 2004"
    },
    {
      "id": 233,
      "fotoformal": "http://res.cloudinary.com/dgxbyse13/image/upload/v1724140402/Penugasan/s0cgkwygduyuscf5hphx.jpg",
      "fotoselfie": "http://res.cloudinary.com/dgxbyse13/image/upload/v1724140431/Penugasan/lea87uhfvsv6a5mpjisb.jpg",
      "nama": "Najwa Faizah",
      "kelompok": 3,
      "nim": "240411100195",
      "alamat": "Perum nilam indah bolk AA",
      "no": "085954133001",
      "ttl": "Bangkalan, 21 Juni 2005"
    }
  ]